model,target,setting,predictions_match_published,dice_published_definition,units_with_dice,dice_lesion_bearing,lesion_bearing_units,false_regions,true_regions_kept,region_precision,fp_per_case,lesion_sensitivity,sensitivity_at_fp_0.1,sensitivity_at_fp_0.2,sensitivity_at_fp_0.3,sensitivity_at_fp_0.4,sensitivity_at_fp_0.5,sensitivity_at_fp_0.6,sensitivity_at_fp_0.7,sensitivity_at_fp_0.8,sensitivity_at_fp_0.9,sensitivity_at_fp_1.0,sensitivity_at_fp_1.2,sensitivity_at_fp_1.4,sensitivity_at_fp_1.6,sensitivity_at_fp_1.8,sensitivity_at_fp_2.0
nnunet_single,benign,no_uq,False,0.45640003916854616,548,0.5287679100726497,473,303,1.0,0.6752411575562701,1.0614334470989761,0.5016129032258064,,,,,,,,,,,,,,,
nnunet_single,benign,one_minus_mean_max_softmax,False,0.4634150740103729,535,0.5241586989335084,473,196,0.9222222222222223,0.7477477477477478,0.6757679180887372,0.4669354838709677,0.22258064516129034,0.317741935483871,0.36774193548387096,0.40483870967741936,0.43790322580645163,0.4637096774193548,0.4814516129032258,0.48951612903225805,0.49516129032258066,0.49838709677419357,0.5016129032258064,0.5016129032258064,0.5016129032258064,0.5016129032258064,0.5016129032258064
nnunet_single,benign,mean_normalized_entropy,False,0.46465112208615555,535,0.5255567659959688,473,190,0.9206349206349206,0.7532467532467533,0.6552901023890785,0.4661290322580645,0.24758064516129033,0.3395161290322581,0.36612903225806454,0.40725806451612906,0.4290322580645161,0.4620967741935484,0.4790322580645161,0.48951612903225805,0.49516129032258066,0.5016129032258064,0.5016129032258064,0.5016129032258064,0.5016129032258064,0.5016129032258064,0.5016129032258064
nnunet_single,benign,lguq,False,0.4660061542814903,533,0.5251189856914045,473,195,0.9253968253968254,0.7493573264781491,0.6723549488054608,0.4685483870967742,0.1935483870967742,0.2967741935483871,0.37016129032258066,0.4120967741935484,0.43709677419354837,0.45806451612903226,0.47580645161290325,0.48951612903225805,0.4935483870967742,0.5,0.5016129032258064,0.5016129032258064,0.5016129032258064,0.5016129032258064,0.5016129032258064
nnunet_single,benign,metaseg,False,0.46107552690055414,535,0.5215124881433328,473,197,0.9158730158730158,0.7454780361757106,0.6791808873720137,0.4637096774193548,0.23548387096774193,0.3282258064516129,0.36693548387096775,0.41451612903225804,0.43306451612903224,0.4588709677419355,0.47096774193548385,0.48951612903225805,0.4975806451612903,0.5008064516129033,0.5016129032258064,0.5016129032258064,0.5016129032258064,0.5016129032258064,0.5016129032258064
nnunet_single,benign,standardized_max_logit,False,0.4572361194574574,542,0.5239365258899406,473,227,0.9365079365079365,0.7221542227662179,0.8020477815699659,0.4693548387096774,0.24596774193548387,0.31370967741935485,0.34274193548387094,0.3741935483870968,0.3975806451612903,0.4258064516129032,0.45483870967741935,0.4693548387096774,0.4879032258064516,0.5,0.5016129032258064,0.5016129032258064,0.5016129032258064,0.5016129032258064,0.5016129032258064
nnunet_single,benign,mahalanobis,False,0.44871389430488184,543,0.5151197560413338,473,266,0.9365079365079365,0.6892523364485982,0.9215017064846417,0.47258064516129034,0.075,0.14596774193548387,0.19516129032258064,0.2411290322580645,0.2879032258064516,0.33145161290322583,0.3975806451612903,0.43548387096774194,0.45645161290322583,0.4870967741935484,0.5016129032258064,0.5016129032258064,0.5016129032258064,0.5016129032258064,0.5016129032258064
nnunet_single,benign,inverse_area,False,0.46532203944754114,535,0.5263156260136036,473,214,0.9476190476190476,0.7361282367447596,0.7372013651877133,0.4798387096774194,0.16774193548387098,0.24919354838709679,0.29274193548387095,0.3524193548387097,0.4153225806451613,0.45161290322580644,0.47419354838709676,0.48629032258064514,0.49193548387096775,0.4991935483870968,0.5016129032258064,0.5016129032258064,0.5016129032258064,0.5016129032258064,0.5016129032258064
nnunet_single,benign,random_removal,False,,,,,,,,,,0.05129032258064516,0.10376344086021504,0.1510752688172043,0.19755376344086026,0.24548387096774194,0.29161290322580646,0.33733870967741936,0.3847311827956989,0.4271505376344086,0.472231182795699,0.5016129032258065,0.5016129032258065,0.5016129032258065,0.5016129032258065,0.5016129032258065
nnunet_single,malignant,no_uq,False,0.24474379461697326,342,0.4123269840345067,203,505,1.0,0.4516829533116178,1.7542662116040955,0.5789473684210527,,,,,,,,,,,,,,,
nnunet_single,malignant,one_minus_mean_max_softmax,False,0.2523756882756633,328,0.40777943721387955,203,390,0.9230769230769231,0.49612403100775193,1.341296928327645,0.5419630156472262,0.08534850640113797,0.17069701280227595,0.24039829302987198,0.3058321479374111,0.3413940256045519,0.3755334281650071,0.41536273115220484,0.4466571834992888,0.46799431009957326,0.48364153627311524,0.519203413940256,0.5519203413940256,0.5718349928876245,0.5789473684210527,0.5789473684210527
nnunet_single,malignant,mean_normalized_entropy,False,0.25208842138952336,327,0.4060734669673603,203,389,0.9158653846153846,0.4948051948051948,1.3378839590443685,0.5376955903271693,0.10384068278805121,0.1721194879089616,0.26458036984352773,0.32716927453769556,0.352773826458037,0.38549075391180654,0.4238975817923186,0.4523470839260313,0.47083926031294454,0.4850640113798009,0.5120910384068279,0.5519203413940256,0.5718349928876245,0.5789473684210527,0.5789473684210527
nnunet_single,malignant,lguq,False,0.2536329419757274,326,0.4073120151925475,203,396,0.9375,0.4961832061068702,1.3617747440273038,0.55049786628734,0.10384068278805121,0.1906116642958748,0.2603129445234708,0.3186344238975818,0.34992887624466573,0.3869132290184922,0.42532005689900426,0.46088193456614507,0.48364153627311524,0.4992887624466572,0.5263157894736842,0.5561877667140825,0.5746799431009957,0.5789473684210527,0.5789473684210527
nnunet_single,malignant,metaseg,False,0.25789667436835395,323,0.4103479104481691,203,407,0.9471153846153846,0.4918851435705368,1.4129692832764504,0.55049786628734,0.16073968705547653,0.23186344238975817,0.2972972972972973,0.3684210526315789,0.39544807965860596,0.4295874822190612,0.45092460881934565,0.47368421052631576,0.4850640113798009,0.5064011379800853,0.5305832147937412,0.5490753911806543,0.5675675675675675,0.5789473684210527,0.5789473684210527
nnunet_single,malignant,standardized_max_logit,False,0.25144673759366115,327,0.40503981868535566,203,399,0.9278846153846154,0.49171974522292994,1.378839590443686,0.5419630156472262,0.14935988620199148,0.21906116642958748,0.2844950213371266,0.33428165007112376,0.3783783783783784,0.4039829302987198,0.422475106685633,0.44950213371266,0.4694167852062589,0.48933143669985774,0.5106685633001422,0.5419630156472262,0.561877667140825,0.5789473684210527,0.5789473684210527
nnunet_single,malignant,mahalanobis,False,0.24172992202925092,330,0.3929599717716886,203,426,0.9182692307692307,0.47277227722772275,1.47098976109215,0.5362731152204836,0.02702702702702703,0.06258890469416785,0.09103840682788052,0.1422475106685633,0.17496443812233287,0.22759601706970128,0.26884779516358465,0.3015647226173542,0.3399715504978663,0.3911806543385491,0.48364153627311524,0.5177809388335705,0.5576102418207681,0.5789473684210527,0.5789473684210527
nnunet_single,malignant,inverse_area,False,0.2513139093918516,331,0.40977785225962016,203,417,0.9543269230769231,0.4877149877149877,1.4402730375426622,0.5576102418207681,0.09957325746799431,0.14509246088193456,0.2503556187766714,0.32147937411095306,0.3712660028449502,0.39544807965860596,0.44523470839260315,0.47083926031294454,0.4907539118065434,0.5049786628733998,0.5305832147937412,0.5490753911806543,0.5732574679943101,0.5789473684210527,0.5789473684210527
nnunet_single,malignant,random_removal,False,,,,,,,,,,0.034660976766239936,0.07354196301564724,0.10654338549075391,0.1411095305832148,0.1715504978662873,0.20673304883831198,0.2420104314841157,0.2739212897107634,0.30587956377430053,0.33821716453295403,0.3986723565670934,0.462968231389284,0.5280701754385965,0.5789473684210527,0.5789473684210527
nnunetcbam_single,benign,no_uq,False,0.45474593528277435,543,0.5220444880730369,473,319,1.0,0.6602768903088392,1.129692832764505,0.49032258064516127,,,,,,,,,,,,,,,
nnunetcbam_single,benign,one_minus_mean_max_softmax,False,0.46311462992067887,532,0.5208815710735755,473,218,0.9451612903225807,0.7288557213930348,0.7610921501706485,0.4685483870967742,0.1629032258064516,0.2830645161290323,0.35,0.3895161290322581,0.41693548387096774,0.4403225806451613,0.4629032258064516,0.4774193548387097,0.4854838709677419,0.48951612903225805,0.49032258064516127,0.49032258064516127,0.49032258064516127,0.49032258064516127,0.49032258064516127
nnunetcbam_single,benign,mean_normalized_entropy,False,0.46272562204820367,532,0.5204440400203897,473,219,0.9467741935483871,0.728287841191067,0.7610921501706485,0.47016129032258064,0.20483870967741935,0.2879032258064516,0.3580645161290323,0.392741935483871,0.41451612903225804,0.44516129032258067,0.4612903225806452,0.475,0.4846774193548387,0.48951612903225805,0.49032258064516127,0.49032258064516127,0.49032258064516127,0.49032258064516127,0.49032258064516127
nnunetcbam_single,benign,lguq,False,0.4622339394404079,531,0.5189137882512824,473,219,0.9467741935483871,0.728287841191067,0.7747440273037542,0.4669354838709677,0.1814516129032258,0.2645161290322581,0.3395161290322581,0.38306451612903225,0.4129032258064516,0.42983870967741933,0.45483870967741935,0.4661290322580645,0.4806451612903226,0.4870967741935484,0.49032258064516127,0.49032258064516127,0.49032258064516127,0.49032258064516127,0.49032258064516127
nnunetcbam_single,benign,metaseg,False,0.4630155160655127,531,0.5197912030249202,473,220,0.9419354838709677,0.7263681592039801,0.7542662116040956,0.47016129032258064,0.20887096774193548,0.31129032258064515,0.34838709677419355,0.3911290322580645,0.432258064516129,0.4508064516129032,0.4645161290322581,0.47661290322580646,0.4814516129032258,0.48629032258064514,0.49032258064516127,0.49032258064516127,0.49032258064516127,0.49032258064516127,0.49032258064516127
nnunetcbam_single,benign,standardized_max_logit,False,0.4609318263180424,535,0.5213499515436631,473,224,0.95,0.7244772447724477,0.7815699658703071,0.47096774193548385,0.2403225806451613,0.32903225806451614,0.3790322580645161,0.42096774193548386,0.4411290322580645,0.45483870967741935,0.4661290322580645,0.47419354838709676,0.4782258064516129,0.48870967741935484,0.49032258064516127,0.49032258064516127,0.49032258064516127,0.49032258064516127,0.49032258064516127
nnunetcbam_single,benign,mahalanobis,False,0.4528663537612653,538,0.5150995736227499,473,276,0.9564516129032258,0.6823935558112774,0.9795221843003413,0.4693548387096774,0.050806451612903224,0.0967741935483871,0.15806451612903225,0.21774193548387097,0.275,0.317741935483871,0.3556451612903226,0.4056451612903226,0.42338709677419356,0.47419354838709676,0.49032258064516127,0.49032258064516127,0.49032258064516127,0.49032258064516127,0.49032258064516127
nnunetcbam_single,benign,inverse_area,False,0.46196498110185247,535,0.5225185304217571,473,235,0.9596774193548387,0.7168674698795181,0.8225255972696246,0.475,0.16532258064516128,0.2620967741935484,0.3064516129032258,0.34758064516129034,0.40161290322580645,0.43306451612903224,0.4588709677419355,0.47258064516129034,0.4814516129032258,0.4846774193548387,0.49032258064516127,0.49032258064516127,0.49032258064516127,0.49032258064516127,0.49032258064516127
nnunetcbam_single,benign,random_removal,False,,,,,,,,,,0.044032258064516126,0.08849462365591396,0.13115591397849463,0.18045698924731182,0.22481182795698923,0.2688978494623656,0.3130107526881721,0.3518817204301075,0.39435483870967747,0.43803763440860216,0.49032258064516127,0.49032258064516127,0.49032258064516127,0.49032258064516127,0.49032258064516127
nnunetcbam_single,malignant,no_uq,False,0.24663109311643133,353,0.4288708170940899,203,471,1.0,0.47315436241610737,1.6348122866894197,0.5903271692745377,,,,,,,,,,,,,,,
nnunetcbam_single,malignant,one_minus_mean_max_softmax,False,0.2563657298468152,330,0.41675217167216266,203,361,0.9408983451536643,0.5243741765480896,1.2525597269624573,0.5576102418207681,0.06258890469416785,0.15647226173541964,0.20768136557610242,0.2702702702702703,0.3157894736842105,0.36415362731152207,0.4096728307254623,0.43812233285917496,0.47368421052631576,0.4907539118065434,0.5391180654338549,0.5704125177809388,0.5860597439544808,0.5903271692745377,0.5903271692745377
nnunetcbam_single,malignant,mean_normalized_entropy,False,0.25595956420468235,333,0.4198745560598977,203,366,0.9456264775413712,0.5221932114882507,1.2696245733788396,0.5604551920341394,0.0953058321479374,0.17923186344238975,0.22475106685633,0.27880512091038406,0.33001422475106684,0.38549075391180654,0.42532005689900426,0.4594594594594595,0.4779516358463727,0.5007112375533428,0.5462304409672831,0.5689900426742532,0.5874822190611664,0.5903271692745377,0.5903271692745377
nnunetcbam_single,malignant,lguq,False,0.25712702708765933,332,0.4205230196704577,203,364,0.9456264775413712,0.5235602094240838,1.2627986348122866,0.5604551920341394,0.09815078236130868,0.19630156472261737,0.2532005689900427,0.30867709815078237,0.34708392603129445,0.39971550497866287,0.4267425320056899,0.4566145092460882,0.4879089615931721,0.5049786628733998,0.5490753911806543,0.566145092460882,0.5874822190611664,0.5903271692745377,0.5903271692745377
nnunetcbam_single,malignant,metaseg,False,0.2605862211982367,327,0.4197620410434651,203,349,0.9385342789598109,0.532171581769437,1.21160409556314,0.5561877667140825,0.1678520625889047,0.2460881934566145,0.283072546230441,0.3186344238975818,0.3413940256045519,0.40540540540540543,0.44523470839260315,0.4694167852062589,0.4850640113798009,0.5177809388335705,0.5462304409672831,0.5761024182076814,0.5874822190611664,0.5903271692745377,0.5903271692745377
nnunetcbam_single,malignant,standardized_max_logit,False,0.25918848216914203,331,0.4226176728964829,203,356,0.950354609929078,0.5303430079155673,1.235494880546075,0.5633001422475107,0.1721194879089616,0.25604551920341395,0.30440967283072545,0.3541963015647226,0.3812233285917496,0.40825035561877665,0.4352773826458037,0.47368421052631576,0.492176386913229,0.5135135135135135,0.5533428165007113,0.5761024182076814,0.5889046941678521,0.5903271692745377,0.5903271692745377
nnunetcbam_single,malignant,mahalanobis,False,0.24237401589386226,336,0.401170784927772,203,395,0.91725768321513,0.4955300127713921,1.3686006825938566,0.5433854907539118,0.03840682788051209,0.06685633001422475,0.09672830725462304,0.13086770981507823,0.17496443812233287,0.2460881934566145,0.29871977240398295,0.352773826458037,0.38264580369843526,0.4039829302987198,0.492176386913229,0.5604551920341394,0.5874822190611664,0.5903271692745377,0.5903271692745377
nnunetcbam_single,malignant,inverse_area,False,0.2591558997288896,335,0.42767106605506405,203,374,0.9527186761229315,0.5186615186615187,1.3003412969283277,0.5633001422475107,0.1337126600284495,0.19914651493598862,0.23897581792318634,0.28165007112375534,0.3485064011379801,0.406827880512091,0.4267425320056899,0.4566145092460882,0.4822190611664296,0.5078236130867709,0.5462304409672831,0.5704125177809388,0.5903271692745377,0.5903271692745377,0.5903271692745377
nnunetcbam_single,malignant,random_removal,False,,,,,,,,,,0.0373162636320531,0.07358937885253675,0.10929350403034613,0.14826932195353246,0.18596491228070178,0.2231863442389758,0.261782835467046,0.2956851588430535,0.3318634423897582,0.36875296348980563,0.4389758179231864,0.5097676623992413,0.5778568041725937,0.5903271692745377,0.5903271692745377
segformer_single,benign,no_uq,True,0.4755732418719874,529,0.5318778963008063,473,400,1.0,0.6551724137931034,1.4573378839590443,0.5911290322580646,,,,,,,,,,,,,,,
segformer_single,benign,one_minus_mean_max_softmax,True,0.4786541060392812,523,0.5292517916671122,473,313,0.9460526315789474,0.6967054263565892,1.129692832764505,0.5653225806451613,0.2032258064516129,0.3282258064516129,0.3935483870967742,0.43951612903225806,0.46774193548387094,0.48629032258064514,0.5056451612903226,0.5201612903225806,0.5330645161290323,0.5435483870967742,0.5766129032258065,0.5887096774193549,0.5911290322580646,0.5911290322580646,0.5911290322580646
segformer_single,benign,mean_normalized_entropy,True,0.479177719055582,523,0.5298307548965526,473,310,0.9473684210526315,0.6990291262135923,1.1262798634812288,0.5645161290322581,0.21935483870967742,0.3217741935483871,0.38306451612903225,0.44516129032258067,0.47258064516129034,0.48870967741935484,0.5056451612903226,0.5185483870967742,0.5370967741935484,0.5459677419354839,0.5725806451612904,0.5903225806451613,0.5911290322580646,0.5911290322580646,0.5911290322580646
segformer_single,benign,lguq,True,0.477529111998269,524,0.5290174517697526,473,303,0.9236842105263158,0.6985074626865672,1.081911262798635,0.5548387096774193,0.19838709677419356,0.3024193548387097,0.3790322580645161,0.425,0.45403225806451614,0.47661290322580646,0.5048387096774194,0.5193548387096775,0.5346774193548387,0.5419354838709678,0.5653225806451613,0.5846774193548387,0.5911290322580646,0.5911290322580646,0.5911290322580646
segformer_single,benign,metaseg,True,0.48197145404308633,521,0.5308818764406935,473,313,0.95,0.6975845410628019,1.1331058020477816,0.5669354838709677,0.23870967741935484,0.3241935483870968,0.38306451612903225,0.43870967741935485,0.4693548387096774,0.4975806451612903,0.5112903225806451,0.5233870967741936,0.535483870967742,0.5516129032258065,0.5725806451612904,0.5903225806451613,0.5911290322580646,0.5911290322580646,0.5911290322580646
segformer_single,benign,standardized_max_logit,True,0.4668474974938276,524,0.5171841198451705,473,339,0.9421052631578948,0.6786729857819905,1.2491467576791808,0.5556451612903226,0.1870967741935484,0.2862903225806452,0.3258064516129032,0.3758064516129032,0.4056451612903226,0.4274193548387097,0.45564516129032256,0.4693548387096774,0.49838709677419357,0.5120967741935484,0.5491935483870968,0.589516129032258,0.5911290322580646,0.5911290322580646,0.5911290322580646
segformer_single,benign,mahalanobis,True,0.45534759248301954,529,0.5092576668573305,473,353,0.9157894736842105,0.663489037178265,1.2764505119453924,0.5443548387096774,0.020967741935483872,0.036290322580645164,0.0532258064516129,0.08629032258064516,0.1774193548387097,0.26048387096774195,0.3088709677419355,0.36370967741935484,0.40483870967741936,0.4588709677419355,0.5290322580645161,0.5693548387096774,0.5911290322580646,0.5911290322580646,0.5911290322580646
segformer_single,benign,inverse_area,True,0.4793946094697843,524,0.5310840916747717,473,326,0.9552631578947368,0.6901140684410646,1.174061433447099,0.5709677419354838,0.19838709677419356,0.25483870967741934,0.3032258064516129,0.36129032258064514,0.42983870967741933,0.45645161290322583,0.4846774193548387,0.5088709677419355,0.532258064516129,0.5516129032258065,0.5709677419354838,0.5879032258064516,0.5911290322580646,0.5911290322580646,0.5911290322580646
segformer_single,benign,random_removal,True,,,,,,,,,,0.04747311827956988,0.09016129032258063,0.13064516129032258,0.17185483870967744,0.21384408602150537,0.25688172043010754,0.30034946236559146,0.3397311827956989,0.37922043010752693,0.41736559139784946,0.4940322580645161,0.5706451612903226,0.5911290322580646,0.5911290322580646,0.5911290322580646
segformer_single,malignant,no_uq,True,0.2926389168388286,257,0.3704837518599947,203,228,1.0,0.6666666666666666,0.8054607508532423,0.6372688477951636,,,,,,,,,,,,,,,
segformer_single,malignant,one_minus_mean_max_softmax,True,0.29898010764513167,247,0.3637836777751109,203,173,0.9364035087719298,0.7116666666666667,0.6143344709897611,0.5974395448079659,0.3385490753911807,0.4267425320056899,0.5021337126600285,0.5576102418207681,0.5803698435277382,0.5974395448079659,0.615931721194879,0.635846372688478,0.6372688477951636,0.6372688477951636,0.6372688477951636,0.6372688477951636,0.6372688477951636,0.6372688477951636,0.6372688477951636
segformer_single,malignant,mean_normalized_entropy,True,0.3017252035822688,244,0.3626647767195743,203,165,0.9276315789473685,0.7193877551020408,0.5870307167235495,0.5917496443812233,0.32716927453769556,0.4623044096728307,0.5092460881934566,0.5533428165007113,0.5832147937411095,0.5945945945945946,0.615931721194879,0.6372688477951636,0.6372688477951636,0.6372688477951636,0.6372688477951636,0.6372688477951636,0.6372688477951636,0.6372688477951636,0.6372688477951636
segformer_single,malignant,lguq,True,0.3023826673583479,246,0.3664341683258797,203,178,0.9451754385964912,0.7077175697865353,0.6313993174061433,0.6031294452347084,0.3058321479374111,0.42816500711237554,0.5007112375533428,0.55049786628734,0.577524893314367,0.5974395448079659,0.6173541963015647,0.635846372688478,0.6372688477951636,0.6372688477951636,0.6372688477951636,0.6372688477951636,0.6372688477951636,0.6372688477951636,0.6372688477951636
segformer_single,malignant,metaseg,True,0.3083226617265221,240,0.36451940302643004,203,151,0.9298245614035088,0.7373913043478261,0.5392491467576792,0.5931721194879089,0.2958748221906117,0.4423897581792319,0.49644381223328593,0.5576102418207681,0.5874822190611664,0.6002844950213371,0.615931721194879,0.6372688477951636,0.6372688477951636,0.6372688477951636,0.6372688477951636,0.6372688477951636,0.6372688477951636,0.6372688477951636,0.6372688477951636
segformer_single,malignant,standardized_max_logit,True,0.29772722471525487,242,0.3549260511383826,203,158,0.9254385964912281,0.7275862068965517,0.5665529010238908,0.5889046941678521,0.3613086770981508,0.46799431009957326,0.5177809388335705,0.5419630156472262,0.5604551920341394,0.6017069701280228,0.6187766714082503,0.635846372688478,0.6372688477951636,0.6372688477951636,0.6372688477951636,0.6372688477951636,0.6372688477951636,0.6372688477951636,0.6372688477951636
segformer_single,malignant,mahalanobis,True,0.2421081230432808,250,0.29816271310748865,203,178,0.6842105263157895,0.636734693877551,0.6143344709897611,0.44096728307254623,0.08677098150782361,0.16358463726884778,0.2574679943100996,0.33428165007112376,0.3911806543385491,0.4238975817923186,0.5320056899004267,0.6344238975817923,0.6372688477951636,0.6372688477951636,0.6372688477951636,0.6372688477951636,0.6372688477951636,0.6372688477951636,0.6372688477951636
segformer_single,malignant,inverse_area,True,0.30330137106034366,244,0.3645592834419894,203,160,0.9254385964912281,0.7250859106529209,0.5665529010238908,0.5917496443812233,0.1806543385490754,0.32432432432432434,0.46799431009957326,0.5362731152204836,0.5675675675675675,0.6002844950213371,0.6173541963015647,0.6344238975817923,0.6372688477951636,0.6372688477951636,0.6372688477951636,0.6372688477951636,0.6372688477951636,0.6372688477951636,0.6372688477951636
segformer_single,malignant,random_removal,True,,,,,,,,,,0.07956377430061638,0.1631104788999526,0.24314841156946418,0.32517780938833574,0.4022285443338075,0.47999051683262217,0.5594594594594594,0.632764343290659,0.6372688477951634,0.6372688477951634,0.6372688477951634,0.6372688477951634,0.6372688477951634,0.6372688477951634,0.6372688477951634
nnunet_late,benign,no_uq,False,0.4838033419892355,535,0.5472194248715455,473,435,1.0,0.6434426229508197,1.5597269624573378,0.6153225806451613,,,,,,,,,,,,,,,
nnunet_late,benign,one_minus_mean_max_softmax,False,0.48813749862273553,529,0.5459296760495287,473,366,0.9592356687898089,0.6729222520107239,1.2832764505119454,0.5991935483870968,0.22258064516129034,0.2903225806451613,0.357258064516129,0.42096774193548386,0.44193548387096776,0.4685483870967742,0.4935483870967742,0.5258064516129032,0.5459677419354839,0.5548387096774193,0.5854838709677419,0.6088709677419355,0.6153225806451613,0.6153225806451613,0.6153225806451613
nnunet_late,benign,mean_normalized_entropy,False,0.4899391336016575,528,0.5469088002995245,473,358,0.9579617834394905,0.6774774774774774,1.2559726962457338,0.5983870967741935,0.24516129032258063,0.31048387096774194,0.3758064516129032,0.42016129032258065,0.43548387096774194,0.47258064516129034,0.48951612903225805,0.525,0.5459677419354839,0.5612903225806452,0.5870967741935483,0.6072580645161291,0.6153225806451613,0.6153225806451613,0.6153225806451613
nnunet_late,benign,lguq,False,0.48913405524139086,527,0.5449759981230718,473,357,0.9414012738853503,0.6742700729927007,1.2559726962457338,0.5870967741935483,0.18306451612903227,0.28951612903225804,0.3411290322580645,0.3903225806451613,0.42338709677419356,0.4612903225806452,0.4879032258064516,0.5185483870967742,0.5403225806451613,0.5588709677419355,0.5814516129032258,0.6024193548387097,0.6153225806451613,0.6153225806451613,0.6153225806451613
nnunet_late,benign,metaseg,False,0.4855317594091853,531,0.5450684233536519,473,361,0.9363057324840764,0.6706204379562044,1.2764505119453924,0.582258064516129,0.23548387096774193,0.3241935483870968,0.38387096774193546,0.4241935483870968,0.4459677419354839,0.4806451612903226,0.5056451612903226,0.5225806451612903,0.5387096774193548,0.5540322580645162,0.5782258064516129,0.6056451612903225,0.6153225806451613,0.6153225806451613,0.6153225806451613
nnunet_late,benign,standardized_max_logit,False,0.4880318547031338,528,0.5447797447848935,473,368,0.9579617834394905,0.6714285714285714,1.3003412969283277,0.5959677419354839,0.25483870967741934,0.33064516129032256,0.375,0.425,0.4508064516129032,0.4790322580645161,0.5008064516129033,0.525,0.5459677419354839,0.5556451612903226,0.5830645161290322,0.6016129032258064,0.6153225806451613,0.6153225806451613,0.6153225806451613
nnunet_late,benign,mahalanobis,False,0.4805878006685303,533,0.5415503123812403,473,392,0.9363057324840764,0.6521739130434783,1.372013651877133,0.5846774193548387,0.043548387096774194,0.0935483870967742,0.14919354838709678,0.19435483870967743,0.2629032258064516,0.31290322580645163,0.36774193548387096,0.4064516129032258,0.45645161290322583,0.49032258064516127,0.5532258064516129,0.5870967741935483,0.6153225806451613,0.6153225806451613,0.6153225806451613
nnunet_late,benign,inverse_area,False,0.4903957753725901,527,0.5463817624130127,473,348,0.9515923566878981,0.6821917808219178,1.2252559726962458,0.5935483870967742,0.19274193548387097,0.27661290322580645,0.32741935483870965,0.37016129032258066,0.4137096774193548,0.4612903225806452,0.4870967741935484,0.5112903225806451,0.5395161290322581,0.5532258064516129,0.5814516129032258,0.6056451612903225,0.6153225806451613,0.6153225806451613,0.6153225806451613
nnunet_late,benign,random_removal,False,,,,,,,,,,0.04290322580645161,0.08129032258064517,0.12427419354838709,0.1637365591397849,0.2014784946236559,0.24069892473118276,0.2819354838709678,0.3210752688172043,0.3590322580645161,0.39827956989247315,0.4720430107526881,0.5493817204301075,0.6153225806451615,0.6153225806451615,0.6153225806451615
nnunet_late,malignant,no_uq,False,0.3143008243248154,278,0.43042181853349104,203,203,1.0,0.6639072847682119,0.7133105802047781,0.561877667140825,,,,,,,,,,,,,,,
nnunet_late,malignant,one_minus_mean_max_softmax,False,0.3238822690383679,270,0.4307793726126075,203,169,0.9800498753117207,0.699288256227758,0.5938566552901023,0.5519203413940256,0.24039829302987198,0.3655761024182077,0.44096728307254623,0.4879089615931721,0.5149359886201992,0.5519203413940256,0.5604551920341394,0.561877667140825,0.561877667140825,0.561877667140825,0.561877667140825,0.561877667140825,0.561877667140825,0.561877667140825,0.561877667140825
nnunet_late,malignant,mean_normalized_entropy,False,0.3262460846592829,268,0.4307091166930434,203,165,0.9750623441396509,0.7032374100719424,0.5802047781569966,0.5490753911806543,0.24182076813655762,0.3655761024182077,0.4523470839260313,0.49359886201991465,0.519203413940256,0.5533428165007113,0.5590327169274538,0.561877667140825,0.561877667140825,0.561877667140825,0.561877667140825,0.561877667140825,0.561877667140825,0.561877667140825,0.561877667140825
nnunet_late,malignant,lguq,False,0.32222046047294506,271,0.430156378266838,203,176,0.9750623441396509,0.689594356261023,0.621160409556314,0.5476529160739687,0.19487908961593173,0.3328591749644381,0.42816500711237554,0.4822190611664296,0.5177809388335705,0.5419630156472262,0.5590327169274538,0.561877667140825,0.561877667140825,0.561877667140825,0.561877667140825,0.561877667140825,0.561877667140825,0.561877667140825,0.561877667140825
nnunet_late,malignant,metaseg,False,0.3224942275674918,266,0.422578643019472,203,159,0.9625935162094763,0.708256880733945,0.5631399317406144,0.5405405405405406,0.2773826458036984,0.39829302987197723,0.45519203413940257,0.49786628733997157,0.5248933143669986,0.5462304409672831,0.5590327169274538,0.561877667140825,0.561877667140825,0.561877667140825,0.561877667140825,0.561877667140825,0.561877667140825,0.561877667140825,0.561877667140825
nnunet_late,malignant,standardized_max_logit,False,0.3233579118593307,265,0.42211747114641696,203,161,0.9600997506234414,0.7051282051282052,0.5665529010238908,0.5405405405405406,0.28733997155049784,0.39544807965860596,0.4779516358463727,0.5106685633001422,0.5334281650071123,0.55049786628734,0.5604551920341394,0.561877667140825,0.561877667140825,0.561877667140825,0.561877667140825,0.561877667140825,0.561877667140825,0.561877667140825,0.561877667140825
nnunet_late,malignant,mahalanobis,False,0.31296869572843805,275,0.4239723710606919,203,185,0.9600997506234414,0.6754385964912281,0.6484641638225256,0.5405405405405406,0.19914651493598862,0.2972972972972973,0.3613086770981508,0.4167852062588905,0.4822190611664296,0.5135135135135135,0.5561877667140825,0.561877667140825,0.561877667140825,0.561877667140825,0.561877667140825,0.561877667140825,0.561877667140825,0.561877667140825,0.561877667140825
nnunet_late,malignant,inverse_area,False,0.32044196261830543,271,0.42778212743625993,203,166,0.9650872817955112,0.6998191681735986,0.5836177474402731,0.5433854907539118,0.18634423897581792,0.3755334281650071,0.4395448079658606,0.4864864864864865,0.5291607396870555,0.5433854907539118,0.5604551920341394,0.561877667140825,0.561877667140825,0.561877667140825,0.561877667140825,0.561877667140825,0.561877667140825,0.561877667140825,0.561877667140825
nnunet_late,malignant,random_removal,False,,,,,,,,,,0.08074917022285444,0.16458036984352775,0.23963963963963966,0.32275960170697016,0.40109056424845907,0.477619724988146,0.5524893314366998,0.561877667140825,0.561877667140825,0.561877667140825,0.561877667140825,0.561877667140825,0.561877667140825,0.561877667140825,0.561877667140825
nnunetcbam_multihead,benign,no_uq,False,0.4841622101160541,536,0.548648931548002,473,518,1.0,0.615727002967359,1.8327645051194539,0.6540322580645161,,,,,,,,,,,,,,,
nnunetcbam_multihead,benign,one_minus_mean_max_softmax,False,0.4852798032758124,533,0.5468374950232727,473,445,0.9602409638554217,0.6417069243156199,1.5665529010238908,0.6314516129032258,0.14516129032258066,0.27983870967741936,0.3524193548387097,0.3774193548387097,0.42338709677419356,0.4588709677419355,0.49032258064516127,0.5193548387096775,0.542741935483871,0.5612903225806452,0.592741935483871,0.6153225806451613,0.6362903225806451,0.65,0.6540322580645161
nnunetcbam_multihead,benign,mean_normalized_entropy,False,0.48603531575635717,532,0.5466612853750148,473,453,0.9626506024096385,0.6381789137380192,1.5972696245733788,0.632258064516129,0.18629032258064515,0.3056451612903226,0.37338709677419357,0.3975806451612903,0.43870967741935485,0.4798387096774194,0.5016129032258064,0.5266129032258065,0.55,0.5653225806451613,0.5911290322580646,0.6193548387096774,0.6370967741935484,0.6516129032258065,0.6540322580645161
nnunetcbam_multihead,benign,lguq,False,0.4869151496297138,532,0.5476508659683038,473,465,0.9722891566265061,0.6344339622641509,1.6382252559726962,0.6387096774193548,0.1532258064516129,0.25967741935483873,0.3443548387096774,0.3911290322580645,0.4282258064516129,0.4685483870967742,0.49112903225806454,0.5185483870967742,0.5411290322580645,0.5604838709677419,0.5887096774193549,0.6153225806451613,0.6306451612903226,0.6508064516129032,0.6540322580645161
nnunetcbam_multihead,benign,metaseg,False,0.4901085003935937,528,0.5470978609044768,473,410,0.9373493975903614,0.6548821548821548,1.4334470989761092,0.6193548387096774,0.21129032258064517,0.3032258064516129,0.38306451612903225,0.4104838709677419,0.4475806451612903,0.4879032258064516,0.5112903225806451,0.5403225806451613,0.5556451612903226,0.567741935483871,0.5911290322580646,0.617741935483871,0.6346774193548387,0.6524193548387097,0.6540322580645161
nnunetcbam_multihead,benign,standardized_max_logit,False,0.48573251008211676,532,0.5463207090141354,473,446,0.9518072289156626,0.63915857605178,1.5631399317406143,0.6274193548387097,0.25725806451612904,0.3403225806451613,0.3919354838709677,0.42338709677419356,0.45161290322580644,0.47580645161290325,0.5048387096774194,0.5209677419354839,0.535483870967742,0.5580645161290323,0.5862903225806452,0.6080645161290322,0.632258064516129,0.6524193548387097,0.6540322580645161
nnunetcbam_multihead,benign,mahalanobis,False,0.4833377218663117,533,0.5446490607922708,473,481,0.9602409638554217,0.6236306729264476,1.6928327645051195,0.6306451612903226,0.06774193548387097,0.1064516129032258,0.16774193548387098,0.22741935483870968,0.2725806451612903,0.31048387096774194,0.36129032258064514,0.3975806451612903,0.4338709677419355,0.4629032258064516,0.5225806451612903,0.5790322580645161,0.614516129032258,0.6516129032258065,0.6540322580645161
nnunetcbam_multihead,benign,inverse_area,False,0.4869852002554891,532,0.5477296544099792,473,469,0.9771084337349397,0.63359375,1.6484641638225257,0.6427419354838709,0.17580645161290323,0.25967741935483873,0.3088709677419355,0.37338709677419357,0.39919354838709675,0.45806451612903226,0.4975806451612903,0.5233870967741936,0.5419354838709678,0.5653225806451613,0.5951612903225807,0.6169354838709677,0.6379032258064516,0.6524193548387097,0.6540322580645161
nnunetcbam_multihead,benign,random_removal,False,,,,,,,,,,0.03935483870967742,0.07752688172043011,0.115752688172043,0.15663978494623657,0.1928494623655914,0.22849462365591397,0.2670967741935483,0.30083333333333334,0.33642473118279564,0.3734139784946236,0.4412634408602151,0.509247311827957,0.5757526881720431,0.6436290322580646,0.6540322580645159
nnunetcbam_multihead,malignant,no_uq,False,0.30286968244627643,302,0.4505746014718003,203,270,1.0,0.6046852122986823,0.9419795221843004,0.5789473684210527,,,,,,,,,,,,,,,
nnunetcbam_multihead,malignant,one_minus_mean_max_softmax,False,0.3153224632256381,289,0.4489073491241843,203,232,0.9636803874092009,0.6317460317460317,0.8122866894197952,0.5576102418207681,0.12233285917496443,0.24039829302987198,0.33428165007112376,0.40825035561877665,0.46799431009957326,0.5120910384068279,0.5320056899004267,0.5590327169274538,0.5732574679943101,0.5789473684210527,0.5789473684210527,0.5789473684210527,0.5789473684210527,0.5789473684210527,0.5789473684210527
nnunetcbam_multihead,malignant,mean_normalized_entropy,False,0.3146497405454608,288,0.4463996319068606,203,228,0.9661016949152542,0.6363636363636364,0.7986348122866894,0.5590327169274538,0.13940256045519203,0.2958748221906117,0.3812233285917496,0.4238975817923186,0.4793741109530583,0.5220483641536273,0.534850640113798,0.5633001422475107,0.5746799431009957,0.5789473684210527,0.5789473684210527,0.5789473684210527,0.5789473684210527,0.5789473684210527,0.5789473684210527
nnunetcbam_multihead,malignant,lguq,False,0.31250452508490306,290,0.44643503583557576,203,231,0.9612590799031477,0.6321656050955414,0.8088737201365188,0.5561877667140825,0.13229018492176386,0.2503556187766714,0.310099573257468,0.4267425320056899,0.47368421052631576,0.5021337126600285,0.5305832147937412,0.561877667140825,0.5718349928876245,0.5789473684210527,0.5789473684210527,0.5789473684210527,0.5789473684210527,0.5789473684210527,0.5789473684210527
nnunetcbam_multihead,malignant,metaseg,False,0.3171830075672464,283,0.44218123715039764,203,214,0.9661016949152542,0.6508972267536705,0.7474402730375427,0.5604551920341394,0.2019914651493599,0.3157894736842105,0.3940256045519203,0.4722617354196302,0.5064011379800853,0.5248933143669986,0.5419630156472262,0.5604551920341394,0.5746799431009957,0.5789473684210527,0.5789473684210527,0.5789473684210527,0.5789473684210527,0.5789473684210527,0.5789473684210527
nnunetcbam_multihead,malignant,standardized_max_logit,False,0.3109328320427219,292,0.44725313771662456,203,237,0.9782082324455206,0.6302652106084243,0.8293515358361775,0.566145092460882,0.2532005689900427,0.3684210526315789,0.43385490753911804,0.47368421052631576,0.49644381223328593,0.5305832147937412,0.5376955903271693,0.5576102418207681,0.577524893314367,0.5789473684210527,0.5789473684210527,0.5789473684210527,0.5789473684210527,0.5789473684210527,0.5789473684210527
nnunetcbam_multihead,malignant,mahalanobis,False,0.2950950910417497,296,0.43028643816925083,203,245,0.9346246973365617,0.6117274167987322,0.856655290102389,0.5405405405405406,0.09388335704125178,0.1593172119487909,0.24466571834992887,0.31721194879089615,0.3968705547652916,0.43243243243243246,0.48079658605974396,0.5177809388335705,0.5576102418207681,0.5789473684210527,0.5789473684210527,0.5789473684210527,0.5789473684210527,0.5789473684210527,0.5789473684210527
nnunetcbam_multihead,malignant,inverse_area,False,0.3125906491522066,292,0.44963778104652374,203,237,0.9709443099273608,0.6285266457680251,0.8293515358361775,0.561877667140825,0.16073968705547653,0.2759601706970128,0.352773826458037,0.43385490753911804,0.48933143669985774,0.5206258890469416,0.5462304409672831,0.5590327169274538,0.5718349928876245,0.5789473684210527,0.5789473684210527,0.5789473684210527,0.5789473684210527,0.5789473684210527,0.5789473684210527
nnunetcbam_multihead,malignant,random_removal,False,,,,,,,,,,0.061688003793266936,0.125841631104789,0.1845424371740161,0.24466571834992887,0.3094357515410147,0.3756282598387861,0.43764817449027976,0.49810336652441906,0.5553816974869606,0.5789473684210527,0.5789473684210527,0.5789473684210527,0.5789473684210527,0.5789473684210527,0.5789473684210527
segformer_late,benign,no_uq,True,0.4847480658424903,534,0.547263144101247,473,403,1.0,0.6596283783783784,1.4436860068259385,0.6137096774193549,,,,,,,,,,,,,,,
segformer_late,benign,one_minus_mean_max_softmax,True,0.4853709174503881,533,0.5469401670212617,473,341,0.9590268886043534,0.6871559633027523,1.21160409556314,0.592741935483871,0.2524193548387097,0.3241935483870968,0.36935483870967745,0.42096774193548386,0.4508064516129032,0.4806451612903226,0.5096774193548387,0.5314516129032258,0.5491935483870968,0.5604838709677419,0.5919354838709677,0.6096774193548387,0.6137096774193549,0.6137096774193549,0.6137096774193549
segformer_late,benign,mean_normalized_entropy,True,0.4880801933147504,530,0.5468974681962316,473,332,0.9551856594110115,0.6920222634508348,1.1774744027303754,0.5911290322580646,0.25483870967741934,0.3395161290322581,0.38870967741935486,0.4241935483870968,0.45645161290322583,0.49032258064516127,0.5161290322580645,0.535483870967742,0.5451612903225806,0.5685483870967742,0.592741935483871,0.6120967741935484,0.6137096774193549,0.6137096774193549,0.6137096774193549
segformer_late,benign,lguq,True,0.4827981178727025,532,0.5430202932521727,473,335,0.9334186939820742,0.6851503759398496,1.174061433447099,0.5806451612903226,0.24274193548387096,0.31693548387096776,0.38225806451612904,0.4258064516129032,0.4475806451612903,0.4774193548387097,0.5120967741935484,0.532258064516129,0.542741935483871,0.5588709677419355,0.5879032258064516,0.6080645161290322,0.6137096774193549,0.6137096774193549,0.6137096774193549
segformer_late,benign,metaseg,True,0.4903437463750929,528,0.547360461069871,473,321,0.9475032010243278,0.6974552309142319,1.129692832764505,0.5887096774193549,0.25564516129032255,0.3362903225806452,0.3879032258064516,0.4112903225806452,0.4475806451612903,0.49274193548387096,0.5177419354838709,0.5395161290322581,0.5548387096774193,0.575,0.5919354838709677,0.6072580645161291,0.6137096774193549,0.6137096774193549,0.6137096774193549
segformer_late,benign,standardized_max_logit,True,0.48521489837338305,531,0.5447127083219162,473,351,0.9654289372599232,0.6823529411764706,1.2593856655290103,0.5935483870967742,0.2032258064516129,0.3008064516129032,0.3717741935483871,0.39919354838709675,0.4314516129032258,0.46048387096774196,0.4830645161290323,0.5120967741935484,0.5362903225806451,0.5596774193548387,0.5838709677419355,0.6104838709677419,0.6137096774193549,0.6137096774193549,0.6137096774193549
segformer_late,benign,mahalanobis,True,0.4522708802767822,533,0.5096413936311308,473,313,0.8565941101152369,0.6812627291242362,1.1092150170648465,0.5298387096774193,0.025,0.04516129032258064,0.07338709677419354,0.17258064516129032,0.2306451612903226,0.317741935483871,0.3959677419354839,0.4467741935483871,0.47258064516129034,0.510483870967742,0.55,0.5959677419354839,0.6137096774193549,0.6137096774193549,0.6137096774193549
segformer_late,benign,inverse_area,True,0.4857942877320176,532,0.5463901925442566,473,347,0.9590268886043534,0.6833941605839416,1.2320819112627985,0.592741935483871,0.18629032258064515,0.2717741935483871,0.3241935483870968,0.38387096774193546,0.43709677419354837,0.4685483870967742,0.5032258064516129,0.521774193548387,0.542741935483871,0.5604838709677419,0.5951612903225807,0.6129032258064516,0.6137096774193549,0.6137096774193549,0.6137096774193549
segformer_late,benign,random_removal,True,,,,,,,,,,0.04586021505376345,0.09217741935483868,0.13704301075268818,0.18564516129032252,0.2270161290322581,0.2687903225806452,0.3112903225806452,0.3536290322580646,0.3941397849462365,0.4332795698924731,0.5145430107526882,0.594489247311828,0.6137096774193548,0.6137096774193548,0.6137096774193548
segformer_late,malignant,no_uq,True,0.3248560747281795,241,0.3856665714753265,203,179,1.0,0.7167721518987342,0.6382252559726962,0.6330014224751067,,,,,,,,,,,,,,,
segformer_late,malignant,one_minus_mean_max_softmax,True,0.32392076033118344,236,0.37657782974462717,203,139,0.9337748344370861,0.7526690391459074,0.4880546075085324,0.5960170697012802,0.35135135135135137,0.47083926031294454,0.5362731152204836,0.5675675675675675,0.5988620199146515,0.620199146514936,0.6330014224751067,0.6330014224751067,0.6330014224751067,0.6330014224751067,0.6330014224751067,0.6330014224751067,0.6330014224751067,0.6330014224751067,0.6330014224751067
segformer_late,malignant,mean_normalized_entropy,True,0.3239395045192172,236,0.37659962101741506,203,145,0.9403973509933775,0.7460595446584939,0.5119453924914675,0.5988620199146515,0.3627311522048364,0.48079658605974396,0.5234708392603129,0.566145092460882,0.5988620199146515,0.6130867709815079,0.6330014224751067,0.6330014224751067,0.6330014224751067,0.6330014224751067,0.6330014224751067,0.6330014224751067,0.6330014224751067,0.6330014224751067,0.6330014224751067
segformer_late,malignant,lguq,True,0.32580508149910564,237,0.38037342027235493,203,141,0.9315673289183223,0.7495559502664298,0.4948805460750853,0.5945945945945946,0.3627311522048364,0.47652916073968704,0.5263157894736842,0.5746799431009957,0.6017069701280228,0.6287339971550497,0.6330014224751067,0.6330014224751067,0.6330014224751067,0.6330014224751067,0.6330014224751067,0.6330014224751067,0.6330014224751067,0.6330014224751067,0.6330014224751067
segformer_late,malignant,metaseg,True,0.327599367938977,235,0.37924064761408666,203,135,0.9249448123620309,0.7563176895306859,0.47440273037542663,0.5903271692745377,0.35561877667140823,0.4793741109530583,0.5263157894736842,0.5704125177809388,0.5931721194879089,0.6230440967283073,0.6330014224751067,0.6330014224751067,0.6330014224751067,0.6330014224751067,0.6330014224751067,0.6330014224751067,0.6330014224751067,0.6330014224751067,0.6330014224751067
segformer_late,malignant,standardized_max_logit,True,0.319539905951725,233,0.36676255215148734,203,140,0.9139072847682119,0.7472924187725631,0.5017064846416383,0.5789473684210527,0.37695590327169276,0.4694167852062589,0.5078236130867709,0.5391180654338549,0.577524893314367,0.6073968705547653,0.6330014224751067,0.6330014224751067,0.6330014224751067,0.6330014224751067,0.6330014224751067,0.6330014224751067,0.6330014224751067,0.6330014224751067,0.6330014224751067
segformer_late,malignant,mahalanobis,True,0.24914408157753318,234,0.2871907147248412,203,120,0.6379690949227373,0.706601466992665,0.4197952218430034,0.406827880512091,0.10384068278805121,0.23897581792318634,0.30867709815078237,0.3669985775248933,0.47083926031294454,0.5704125177809388,0.6330014224751067,0.6330014224751067,0.6330014224751067,0.6330014224751067,0.6330014224751067,0.6330014224751067,0.6330014224751067,0.6330014224751067,0.6330014224751067
segformer_late,malignant,inverse_area,True,0.32952777974710645,236,0.3830963350754538,203,137,0.9337748344370861,0.7553571428571428,0.4812286689419795,0.5960170697012802,0.2332859174964438,0.3812233285917496,0.5064011379800853,0.5718349928876245,0.6059743954480796,0.6258890469416786,0.6330014224751067,0.6330014224751067,0.6330014224751067,0.6330014224751067,0.6330014224751067,0.6330014224751067,0.6330014224751067,0.6330014224751067,0.6330014224751067
segformer_late,malignant,random_removal,True,,,,,,,,,,0.09895685158843054,0.1919393077287814,0.29355144618302514,0.39606448553816975,0.49416785206258884,0.5954954954954955,0.6330014224751069,0.6330014224751069,0.6330014224751069,0.6330014224751069,0.6330014224751069,0.6330014224751069,0.6330014224751069,0.6330014224751069,0.6330014224751069
nnunet_early,benign,no_uq,False,0.46055944092524137,543,0.5287183433877507,473,286,1.0,0.6970338983050848,1.0546075085324231,0.5120967741935484,,,,,,,,,,,,,,,
nnunet_early,benign,one_minus_mean_max_softmax,False,0.4660181433794014,533,0.5251324956051183,473,216,0.9331306990881459,0.7397590361445783,0.7713310580204779,0.4870967741935484,0.18629032258064515,0.2870967741935484,0.34838709677419355,0.4112903225806452,0.45161290322580644,0.47096774193548385,0.4830645161290323,0.49274193548387096,0.5016129032258064,0.510483870967742,0.5120967741935484,0.5120967741935484,0.5120967741935484,0.5120967741935484,0.5120967741935484
nnunet_early,benign,mean_normalized_entropy,False,0.4675298241539772,531,0.524859062633746,473,215,0.9331306990881459,0.7406513872135102,0.7713310580204779,0.48629032258064514,0.21774193548387097,0.3056451612903226,0.36129032258064514,0.4088709677419355,0.4443548387096774,0.4717741935483871,0.4814516129032258,0.48951612903225805,0.5032258064516129,0.5080645161290323,0.5120967741935484,0.5120967741935484,0.5120967741935484,0.5120967741935484,0.5120967741935484
nnunet_early,benign,lguq,False,0.4664935745498708,530,0.5227095021383331,473,207,0.925531914893617,0.7463235294117647,0.7372013651877133,0.4838709677419355,0.17338709677419356,0.25887096774193546,0.3467741935483871,0.38387096774193546,0.43870967741935485,0.47096774193548385,0.482258064516129,0.49274193548387096,0.5,0.510483870967742,0.5120967741935484,0.5120967741935484,0.5120967741935484,0.5120967741935484,0.5120967741935484
nnunet_early,benign,metaseg,False,0.47069828917470624,527,0.5244355145773155,473,187,0.9194528875379939,0.7638888888888888,0.6655290102389079,0.4814516129032258,0.1782258064516129,0.29193548387096774,0.34838709677419355,0.40725806451612906,0.43951612903225806,0.4653225806451613,0.4854838709677419,0.49274193548387096,0.5008064516129033,0.5088709677419355,0.5120967741935484,0.5120967741935484,0.5120967741935484,0.5120967741935484,0.5120967741935484
nnunet_early,benign,standardized_max_logit,False,0.46089511462693467,538,0.5242316525777819,473,234,0.9468085106382979,0.7269544924154026,0.8498293515358362,0.49032258064516127,0.25564516129032255,0.31451612903225806,0.3620967741935484,0.39838709677419354,0.43548387096774194,0.4588709677419355,0.47661290322580646,0.4854838709677419,0.49435483870967745,0.5088709677419355,0.5120967741935484,0.5120967741935484,0.5120967741935484,0.5120967741935484,0.5120967741935484
nnunet_early,benign,mahalanobis,False,0.45598576938749164,537,0.5176836324758626,473,242,0.9300911854103343,0.7166276346604216,0.8737201365187713,0.482258064516129,0.05,0.11370967741935484,0.17338709677419356,0.25564516129032255,0.3185483870967742,0.3959677419354839,0.4467741935483871,0.4685483870967742,0.49193548387096775,0.5008064516129033,0.5120967741935484,0.5120967741935484,0.5120967741935484,0.5120967741935484,0.5120967741935484
nnunet_early,benign,inverse_area,False,0.4665199713643205,534,0.5266842805677528,473,229,0.9483282674772037,0.731535756154748,0.8191126279863481,0.49435483870967745,0.17258064516129032,0.2508064516129032,0.2991935483870968,0.3379032258064516,0.41935483870967744,0.4532258064516129,0.482258064516129,0.48951612903225805,0.5,0.5096774193548387,0.5120967741935484,0.5120967741935484,0.5120967741935484,0.5120967741935484,0.5120967741935484
nnunet_early,benign,random_removal,False,,,,,,,,,,0.05223118279569893,0.10440860215053763,0.15481182795698925,0.2050537634408602,0.2530107526881721,0.2978763440860215,0.3472849462365592,0.3937096774193548,0.43989247311827956,0.48666666666666664,0.5120967741935483,0.5120967741935483,0.5120967741935483,0.5120967741935483,0.5120967741935483
nnunet_early,malignant,no_uq,False,0.29900823054094333,296,0.4359922967493558,203,274,1.0,0.5928677563150074,0.9658703071672355,0.5547652916073968,,,,,,,,,,,,,,,
nnunet_early,malignant,one_minus_mean_max_softmax,False,0.3049569623328446,286,0.42964379914873674,203,223,0.9473684210526315,0.6289517470881864,0.7849829351535836,0.5277382645803699,0.08819345661450925,0.1934566145092461,0.2759601706970128,0.3755334281650071,0.43243243243243246,0.47652916073968704,0.5092460881934566,0.5305832147937412,0.5448079658605974,0.5547652916073968,0.5547652916073968,0.5547652916073968,0.5547652916073968,0.5547652916073968,0.5547652916073968
nnunet_early,malignant,mean_normalized_entropy,False,0.3054190572294242,286,0.4302948293971199,203,221,0.9398496240601504,0.6291946308724832,0.7781569965870307,0.5234708392603129,0.10526315789473684,0.20768136557610242,0.3029871977240398,0.40256045519203415,0.4438122332859175,0.4779516358463727,0.5035561877667141,0.5291607396870555,0.5476529160739687,0.5547652916073968,0.5547652916073968,0.5547652916073968,0.5547652916073968,0.5547652916073968,0.5547652916073968
nnunet_early,malignant,lguq,False,0.3103606893399153,281,0.42961257982520307,203,215,0.9348370927318296,0.6343537414965986,0.757679180887372,0.5206258890469416,0.14793741109530584,0.24751066856330015,0.3584637268847795,0.41536273115220484,0.4623044096728307,0.4950213371266003,0.5092460881934566,0.5305832147937412,0.5519203413940256,0.5547652916073968,0.5547652916073968,0.5547652916073968,0.5547652916073968,0.5547652916073968,0.5547652916073968
nnunet_early,malignant,metaseg,False,0.31280695745576986,278,0.42837603040740907,203,208,0.9373433583959899,0.6426116838487973,0.7337883959044369,0.5220483641536273,0.19203413940256045,0.3129445234708393,0.3968705547652916,0.4423897581792319,0.4793741109530583,0.49644381223328593,0.5206258890469416,0.5362731152204836,0.5433854907539118,0.5547652916073968,0.5547652916073968,0.5547652916073968,0.5547652916073968,0.5547652916073968,0.5547652916073968
nnunet_early,malignant,standardized_max_logit,False,0.30684807716666673,287,0.43381969530459774,203,235,0.9573934837092731,0.6191247974068071,0.825938566552901,0.5334281650071123,0.18207681365576103,0.28165007112375534,0.35988620199146515,0.42816500711237554,0.4594594594594595,0.4822190611664296,0.4992887624466572,0.5291607396870555,0.5490753911806543,0.5547652916073968,0.5547652916073968,0.5547652916073968,0.5547652916073968,0.5547652916073968,0.5547652916073968
nnunet_early,malignant,mahalanobis,False,0.30047635891690594,282,0.4174105084461452,203,217,0.9122807017543859,0.6265060240963856,0.7679180887372014,0.5064011379800853,0.1166429587482219,0.20768136557610242,0.29871977240398295,0.35561877667140823,0.4039829302987198,0.4480796586059744,0.4879089615931721,0.5106685633001422,0.5362731152204836,0.5547652916073968,0.5547652916073968,0.5547652916073968,0.5547652916073968,0.5547652916073968,0.5547652916073968
nnunet_early,malignant,inverse_area,False,0.3146915211598257,278,0.43095686148981055,203,205,0.9298245614035088,0.6440972222222222,0.7235494880546075,0.5177809388335705,0.1891891891891892,0.3285917496443812,0.39544807965860596,0.45092460881934565,0.48364153627311524,0.5049786628733998,0.5163584637268848,0.5362731152204836,0.5476529160739687,0.5547652916073968,0.5547652916073968,0.5547652916073968,0.5547652916073968,0.5547652916073968,0.5547652916073968
nnunet_early,malignant,random_removal,False,,,,,,,,,,0.062019914651493604,0.11896633475580844,0.17871028923660506,0.2365101944049312,0.29706021811284966,0.3532479848269322,0.40516832622095783,0.4590801327643433,0.5165481270744429,0.554765291607397,0.554765291607397,0.554765291607397,0.554765291607397,0.554765291607397,0.554765291607397
nnunetcbam_multidecoder,benign,no_uq,False,0.4774282985010678,534,0.5389993898510997,473,278,1.0,0.7029914529914529,1.0136518771331058,0.5153225806451613,,,,,,,,,,,,,,,
nnunetcbam_multidecoder,benign,one_minus_mean_max_softmax,False,0.48097922642752605,528,0.5369070434539825,473,215,0.9437689969604863,0.742822966507177,0.7679180887372014,0.49274193548387096,0.15645161290322582,0.2564516129032258,0.33145161290322583,0.38629032258064516,0.43306451612903224,0.4629032258064516,0.4798387096774194,0.49516129032258066,0.5048387096774194,0.5145161290322581,0.5153225806451613,0.5153225806451613,0.5153225806451613,0.5153225806451613,0.5153225806451613
nnunetcbam_multidecoder,benign,mean_normalized_entropy,False,0.4802401808088991,529,0.537097369234477,473,218,0.9422492401215805,0.7398568019093079,0.7747440273037542,0.49274193548387096,0.17983870967741936,0.29596774193548386,0.35161290322580646,0.3975806451612903,0.43790322580645163,0.4637096774193548,0.4870967741935484,0.49516129032258066,0.5056451612903226,0.5129032258064516,0.5153225806451613,0.5153225806451613,0.5153225806451613,0.5153225806451613,0.5153225806451613
nnunetcbam_multidecoder,benign,lguq,False,0.4821316783814599,526,0.5361548897011584,473,212,0.9468085106382979,0.7461077844311377,0.7610921501706485,0.4935483870967742,0.18870967741935485,0.25967741935483873,0.3209677419354839,0.37661290322580643,0.4153225806451613,0.46048387096774196,0.4854838709677419,0.4967741935483871,0.5064516129032258,0.5137096774193548,0.5153225806451613,0.5153225806451613,0.5153225806451613,0.5153225806451613,0.5153225806451613
nnunetcbam_multidecoder,benign,metaseg,False,0.47916389167484946,528,0.5348806232649482,473,210,0.9148936170212766,0.7413793103448276,0.7303754266211604,0.482258064516129,0.18467741935483872,0.2782258064516129,0.3548387096774194,0.4032258064516129,0.432258064516129,0.45806451612903226,0.4782258064516129,0.49193548387096775,0.5032258064516129,0.5120967741935484,0.5153225806451613,0.5153225806451613,0.5153225806451613,0.5153225806451613,0.5153225806451613
nnunetcbam_multidecoder,benign,standardized_max_logit,False,0.4813797000171344,528,0.537354083740057,473,224,0.958966565349544,0.7380116959064328,0.8054607508532423,0.4991935483870968,0.21048387096774193,0.3209677419354839,0.3782258064516129,0.4290322580645161,0.45241935483870965,0.4693548387096774,0.48870967741935484,0.49838709677419357,0.5112903225806451,0.5153225806451613,0.5153225806451613,0.5153225806451613,0.5153225806451613,0.5153225806451613,0.5153225806451613
nnunetcbam_multidecoder,benign,mahalanobis,False,0.4758698731840101,529,0.5322096467533644,473,246,0.9498480243161094,0.7175660160734788,0.8907849829351536,0.49193548387096775,0.06129032258064516,0.10080645161290322,0.15806451612903225,0.23548387096774193,0.29758064516129035,0.34919354838709676,0.4161290322580645,0.4532258064516129,0.49274193548387096,0.5153225806451613,0.5153225806451613,0.5153225806451613,0.5153225806451613,0.5153225806451613,0.5153225806451613
nnunetcbam_multidecoder,benign,inverse_area,False,0.4788997480157422,531,0.5376231843474821,473,233,0.9665653495440729,0.7318757192174914,0.8498293515358362,0.5,0.17419354838709677,0.25483870967741934,0.31048387096774194,0.3596774193548387,0.42258064516129035,0.4645161290322581,0.4798387096774194,0.49435483870967745,0.5056451612903226,0.5137096774193548,0.5153225806451613,0.5153225806451613,0.5153225806451613,0.5153225806451613,0.5153225806451613
nnunetcbam_multidecoder,benign,random_removal,False,,,,,,,,,,0.054086021505376336,0.10892473118279572,0.15494623655913978,0.20814516129032257,0.2608870967741935,0.31327956989247313,0.36379032258064525,0.4117741935483872,0.4619623655913979,0.5100806451612903,0.5153225806451613,0.5153225806451613,0.5153225806451613,0.5153225806451613,0.5153225806451613
nnunetcbam_multidecoder,malignant,no_uq,False,0.3090631951827002,313,0.47653586252307967,203,367,1.0,0.5485854858548586,1.2764505119453924,0.6244665718349929,,,,,,,,,,,,,,,
nnunetcbam_multidecoder,malignant,one_minus_mean_max_softmax,False,0.3228740446778212,294,0.46761068539546513,203,284,0.9327354260089686,0.5942857142857143,0.9897610921501706,0.5832147937411095,0.06543385490753911,0.15362731152204837,0.2332859174964438,0.32432432432432434,0.3968705547652916,0.45803698435277385,0.5049786628733998,0.5405405405405406,0.5633001422475107,0.5874822190611664,0.6130867709815079,0.6244665718349929,0.6244665718349929,0.6244665718349929,0.6244665718349929
nnunetcbam_multidecoder,malignant,mean_normalized_entropy,False,0.32728290818613653,293,0.4723837049189064,203,272,0.9394618834080718,0.6063675832127352,0.9488054607508533,0.5874822190611664,0.07965860597439545,0.20056899004267426,0.2844950213371266,0.3385490753911807,0.41536273115220484,0.4594594594594595,0.4992887624466572,0.5448079658605974,0.5746799431009957,0.5903271692745377,0.6116642958748222,0.6244665718349929,0.6244665718349929,0.6244665718349929,0.6244665718349929
nnunetcbam_multidecoder,malignant,lguq,False,0.33023920631537,288,0.4685167064966825,203,267,0.9327354260089686,0.6090775988286969,0.931740614334471,0.5832147937411095,0.11379800853485064,0.2233285917496444,0.310099573257468,0.39829302987197723,0.43243243243243246,0.47368421052631576,0.5234708392603129,0.5405405405405406,0.5718349928876245,0.5889046941678521,0.6187766714082503,0.6244665718349929,0.6244665718349929,0.6244665718349929,0.6244665718349929
nnunetcbam_multidecoder,malignant,metaseg,False,0.329899998072987,290,0.4712857115328385,203,269,0.9394618834080718,0.6090116279069767,0.9385665529010239,0.5874822190611664,0.15647226173541964,0.2603129445234708,0.34281650071123754,0.4352773826458037,0.4793741109530583,0.5064011379800853,0.5419630156472262,0.5633001422475107,0.577524893314367,0.5917496443812233,0.6216216216216216,0.6244665718349929,0.6244665718349929,0.6244665718349929,0.6244665718349929
nnunetcbam_multidecoder,malignant,standardized_max_logit,False,0.3252484176130586,294,0.4710494324051192,203,276,0.9394618834080718,0.6028776978417266,0.9658703071672355,0.5860597439544808,0.1891891891891892,0.28165007112375534,0.32574679943101,0.38549075391180654,0.42816500711237554,0.4751066856330014,0.5149359886201992,0.5476529160739687,0.5761024182076814,0.6002844950213371,0.6173541963015647,0.6244665718349929,0.6244665718349929,0.6244665718349929,0.6244665718349929
nnunetcbam_multidecoder,malignant,mahalanobis,False,0.30277871463751277,294,0.43850710395777703,203,294,0.8721973094170403,0.5695461200585652,1.023890784982935,0.5448079658605974,0.03982930298719772,0.09388335704125178,0.16358463726884778,0.2233285917496444,0.2702702702702703,0.3413940256045519,0.406827880512091,0.4594594594594595,0.5049786628733998,0.534850640113798,0.6130867709815079,0.6244665718349929,0.6244665718349929,0.6244665718349929,0.6244665718349929
nnunetcbam_multidecoder,malignant,inverse_area,False,0.3294233911979977,291,0.47222761989466655,203,276,0.9260089686098655,0.5994194484760522,0.962457337883959,0.5789473684210527,0.17354196301564723,0.24182076813655762,0.32432432432432434,0.37980085348506404,0.4295874822190612,0.4864864864864865,0.5177809388335705,0.5391180654338549,0.5561877667140825,0.5903271692745377,0.6187766714082503,0.6244665718349929,0.6244665718349929,0.6244665718349929,0.6244665718349929
nnunetcbam_multidecoder,malignant,random_removal,False,,,,,,,,,,0.05267899478425794,0.10412517780938832,0.14921763869132293,0.20203888098624942,0.2529634898055951,0.30080606922712183,0.3511616880037932,0.40033191085822656,0.44883831199620683,0.49317211948790896,0.5901849217638692,0.624466571834993,0.624466571834993,0.624466571834993,0.624466571834993
segformer_early,benign,no_uq,True,0.48703128881695645,534,0.5498408207785512,473,408,1.0,0.6605657237936772,1.4607508532423208,0.6241935483870967,,,,,,,,,,,,,,,
segformer_early,benign,one_minus_mean_max_softmax,True,0.49099607059723155,528,0.5480886369457468,473,329,0.947103274559194,0.6956521739130435,1.1604095563139931,0.5975806451612903,0.21774193548387097,0.3032258064516129,0.3870967741935484,0.43951612903225806,0.4790322580645161,0.5088709677419355,0.5338709677419354,0.557258064516129,0.5629032258064516,0.5798387096774194,0.6008064516129032,0.6201612903225806,0.6241935483870967,0.6241935483870967,0.6241935483870967
segformer_early,benign,mean_normalized_entropy,True,0.49072237602471513,529,0.5488205854483602,473,333,0.9521410579345088,0.6942148760330579,1.180887372013652,0.5991935483870968,0.2564516129032258,0.33225806451612905,0.40483870967741936,0.43951612903225806,0.47580645161290325,0.5112903225806451,0.5290322580645161,0.5524193548387096,0.5661290322580645,0.5814516129032258,0.6016129032258064,0.6209677419354839,0.6241935483870967,0.6241935483870967,0.6241935483870967
segformer_early,benign,lguq,True,0.4891515345256302,531,0.5491320609579486,473,324,0.9420654911838791,0.6977611940298507,1.1467576791808873,0.5935483870967742,0.2129032258064516,0.31290322580645163,0.3879032258064516,0.442741935483871,0.4717741935483871,0.4967741935483871,0.5306451612903226,0.5475806451612903,0.5604838709677419,0.5758064516129032,0.5967741935483871,0.6193548387096774,0.6241935483870967,0.6241935483870967,0.6241935483870967
segformer_early,benign,metaseg,True,0.49310903798022404,527,0.5494047843881144,473,320,0.9445843828715366,0.7009345794392523,1.1331058020477816,0.5951612903225807,0.2709677419354839,0.3524193548387097,0.4096774193548387,0.45806451612903226,0.4838709677419355,0.5016129032258064,0.525,0.5467741935483871,0.5620967741935484,0.5766129032258065,0.5991935483870968,0.6217741935483871,0.6241935483870967,0.6241935483870967,0.6241935483870967
segformer_early,benign,standardized_max_logit,True,0.4923270274415498,526,0.5474926351675585,473,357,0.9710327455919395,0.6835106382978723,1.2832764505119454,0.6064516129032258,0.22983870967741934,0.31451612903225806,0.34516129032258064,0.38467741935483873,0.4088709677419355,0.43629032258064515,0.4629032258064516,0.5008064516129033,0.5177419354838709,0.5451612903225806,0.5838709677419355,0.6201612903225806,0.6241935483870967,0.6241935483870967,0.6241935483870967
segformer_early,benign,mahalanobis,True,0.45778518041806016,531,0.5139195154376108,473,339,0.8677581863979849,0.6702334630350194,1.204778156996587,0.5443548387096774,0.01935483870967742,0.042741935483870966,0.06532258064516129,0.14516129032258066,0.23870967741935484,0.2870967741935484,0.3629032258064516,0.4153225806451613,0.4693548387096774,0.49838709677419357,0.55,0.6056451612903225,0.6241935483870967,0.6241935483870967,0.6241935483870967
segformer_early,benign,inverse_area,True,0.4918138950776814,528,0.5490015572960165,473,336,0.9546599496221663,0.6928702010968921,1.1843003412969284,0.6024193548387097,0.20241935483870968,0.25725806451612904,0.34516129032258064,0.3975806451612903,0.4491935483870968,0.4870967741935484,0.5129032258064516,0.5306451612903226,0.5604838709677419,0.5766129032258065,0.6024193548387097,0.6201612903225806,0.6241935483870967,0.6241935483870967,0.6241935483870967
segformer_early,benign,random_removal,True,,,,,,,,,,0.047795698924731185,0.09204301075268818,0.1340322580645161,0.1779838709677419,0.22000000000000006,0.2624731182795699,0.3042473118279569,0.34569892473118274,0.38951612903225813,0.4336559139784946,0.5179301075268817,0.5997849462365592,0.624193548387097,0.624193548387097,0.624193548387097
segformer_early,malignant,no_uq,True,0.3156293440654035,246,0.38248679133048896,203,203,1.0,0.6852713178294574,0.7064846416382252,0.6230440967283073,,,,,,,,,,,,,,,
segformer_early,malignant,one_minus_mean_max_softmax,True,0.32179343821343576,238,0.37727506549161444,203,159,0.9434389140271493,0.7239583333333334,0.5494880546075085,0.5903271692745377,0.33712660028449504,0.4665718349928876,0.5120910384068279,0.55049786628734,0.5817923186344239,0.6145092460881935,0.6216216216216216,0.6230440967283073,0.6230440967283073,0.6230440967283073,0.6230440967283073,0.6230440967283073,0.6230440967283073,0.6230440967283073,0.6230440967283073
segformer_early,malignant,mean_normalized_entropy,True,0.32079539500276566,238,0.37610494586531157,203,154,0.9434389140271493,0.7302977232924693,0.5324232081911263,0.5903271692745377,0.3669985775248933,0.4779516358463727,0.5220483641536273,0.5547652916073968,0.5789473684210527,0.615931721194879,0.6230440967283073,0.6230440967283073,0.6230440967283073,0.6230440967283073,0.6230440967283073,0.6230440967283073,0.6230440967283073,0.6230440967283073,0.6230440967283073
segformer_early,malignant,lguq,True,0.32418182054812306,237,0.3784782831029811,203,151,0.9502262443438914,0.7355516637478109,0.5221843003412969,0.5945945945945946,0.3399715504978663,0.44096728307254623,0.5177809388335705,0.5604551920341394,0.5874822190611664,0.6059743954480796,0.620199146514936,0.6230440967283073,0.6230440967283073,0.6230440967283073,0.6230440967283073,0.6230440967283073,0.6230440967283073,0.6230440967283073,0.6230440967283073
segformer_early,malignant,metaseg,True,0.318188911623487,241,0.37775136798650444,203,153,0.9343891402714932,0.7296819787985865,0.5290102389078498,0.5846372688477952,0.3741109530583215,0.47083926031294454,0.5206258890469416,0.566145092460882,0.5832147937411095,0.6116642958748222,0.6216216216216216,0.6230440967283073,0.6230440967283073,0.6230440967283073,0.6230440967283073,0.6230440967283073,0.6230440967283073,0.6230440967283073,0.6230440967283073
segformer_early,malignant,standardized_max_logit,True,0.31387894226951235,237,0.3664497995954405,203,159,0.9298642533936652,0.7210526315789474,0.552901023890785,0.5803698435277382,0.406827880512091,0.46799431009957326,0.5049786628733998,0.5334281650071123,0.5675675675675675,0.5960170697012802,0.6216216216216216,0.6230440967283073,0.6230440967283073,0.6230440967283073,0.6230440967283073,0.6230440967283073,0.6230440967283073,0.6230440967283073,0.6230440967283073
segformer_early,malignant,mahalanobis,True,0.2560066040246866,239,0.301406789960099,203,151,0.6809954751131222,0.665929203539823,0.5187713310580204,0.4267425320056899,0.06116642958748222,0.1934566145092461,0.2702702702702703,0.33428165007112376,0.40256045519203415,0.4879089615931721,0.620199146514936,0.6230440967283073,0.6230440967283073,0.6230440967283073,0.6230440967283073,0.6230440967283073,0.6230440967283073,0.6230440967283073,0.6230440967283073
segformer_early,malignant,inverse_area,True,0.3228846471175153,240,0.38173554339016585,203,165,0.9638009049773756,0.7208121827411168,0.5699658703071673,0.6031294452347084,0.24324324324324326,0.40256045519203415,0.5021337126600285,0.5590327169274538,0.5860597439544808,0.6116642958748222,0.6230440967283073,0.6230440967283073,0.6230440967283073,0.6230440967283073,0.6230440967283073,0.6230440967283073,0.6230440967283073,0.6230440967283073,0.6230440967283073
segformer_early,malignant,random_removal,True,,,,,,,,,,0.08691322901849219,0.17885253674727364,0.2624466571834993,0.3577050734945472,0.44637268847795164,0.5287339971550499,0.6173541963015649,0.6230440967283073,0.6230440967283073,0.6230440967283073,0.6230440967283073,0.6230440967283073,0.6230440967283073,0.6230440967283073,0.6230440967283073
nnunet_earlymid,benign,no_uq,False,0.47372613248867507,541,0.5418305236286961,473,420,1.0,0.6514522821576764,1.5119453924914676,0.614516129032258,,,,,,,,,,,,,,,
nnunet_earlymid,benign,one_minus_mean_max_softmax,False,0.4770941720246124,533,0.5376135173131467,473,345,0.9464968152866242,0.6829044117647058,1.235494880546075,0.5854838709677419,0.15806451612903225,0.2782258064516129,0.3629032258064516,0.40725806451612906,0.43951612903225806,0.4693548387096774,0.49838709677419357,0.5193548387096775,0.5314516129032258,0.5483870967741935,0.5854838709677419,0.6056451612903225,0.614516129032258,0.614516129032258,0.614516129032258
nnunet_earlymid,benign,mean_normalized_entropy,False,0.4784300570480905,532,0.5381073791745965,473,336,0.9401273885350319,0.6871508379888268,1.204778156996587,0.5814516129032258,0.22016129032258064,0.29516129032258065,0.36774193548387096,0.4137096774193548,0.4491935483870968,0.47258064516129034,0.4991935483870968,0.521774193548387,0.535483870967742,0.5548387096774193,0.582258064516129,0.6048387096774194,0.614516129032258,0.614516129032258,0.614516129032258
nnunet_earlymid,benign,lguq,False,0.4768723353804968,534,0.5383717274697363,473,365,0.9503184713375796,0.6714671467146714,1.2935153583617747,0.5903225806451613,0.17580645161290323,0.26370967741935486,0.33064516129032256,0.3870967741935484,0.42016129032258065,0.4483870967741935,0.4870967741935484,0.507258064516129,0.5387096774193548,0.5524193548387096,0.5782258064516129,0.6056451612903225,0.614516129032258,0.614516129032258,0.614516129032258
nnunet_earlymid,benign,metaseg,False,0.4818635407860704,527,0.5368754460766577,473,328,0.932484076433121,0.690566037735849,1.174061433447099,0.5774193548387097,0.21129032258064517,0.29596774193548386,0.36693548387096775,0.42338709677419356,0.4491935483870968,0.47419354838709676,0.49516129032258066,0.5185483870967742,0.5387096774193548,0.557258064516129,0.5774193548387097,0.5991935483870968,0.614516129032258,0.614516129032258,0.614516129032258
nnunet_earlymid,benign,standardized_max_logit,False,0.47360141185381427,537,0.5376827868192352,473,341,0.932484076433121,0.6821994408201305,1.2252559726962458,0.5758064516129032,0.18870967741935485,0.2862903225806452,0.3379032258064516,0.37338709677419357,0.3959677419354839,0.4290322580645161,0.4645161290322581,0.49435483870967745,0.5177419354838709,0.5338709677419354,0.5701612903225807,0.5967741935483871,0.614516129032258,0.614516129032258,0.614516129032258
nnunet_earlymid,benign,mahalanobis,False,0.4652125637657063,541,0.5320930169074992,473,394,0.956687898089172,0.6558951965065503,1.4129692832764504,0.589516129032258,0.017741935483870968,0.05161290322580645,0.07903225806451612,0.12016129032258065,0.15564516129032258,0.1935483870967742,0.25,0.29193548387096774,0.33548387096774196,0.38870967741935486,0.48629032258064514,0.5887096774193549,0.614516129032258,0.614516129032258,0.614516129032258
nnunet_earlymid,benign,inverse_area,False,0.47452980091732266,536,0.537733558756205,473,342,0.9363057324840764,0.6824512534818942,1.21160409556314,0.582258064516129,0.17258064516129032,0.2524193548387097,0.3024193548387097,0.3362903225806452,0.3911290322580645,0.45,0.48870967741935484,0.5048387096774194,0.5241935483870968,0.5475806451612903,0.582258064516129,0.6048387096774194,0.614516129032258,0.614516129032258,0.614516129032258
nnunet_earlymid,benign,random_removal,False,,,,,,,,,,0.044166666666666674,0.08408602150537633,0.12387096774193548,0.16529569892473123,0.20795698924731187,0.24680107526881714,0.2856451612903225,0.3266935483870968,0.3676075268817204,0.41032258064516125,0.49002688172043013,0.5697043010752689,0.614516129032258,0.614516129032258,0.614516129032258
nnunet_earlymid,malignant,no_uq,False,0.30398326156263383,281,0.4207847118182272,203,204,1.0,0.6554054054054054,0.7303754266211604,0.5376955903271693,,,,,,,,,,,,,,,
nnunet_earlymid,malignant,one_minus_mean_max_softmax,False,0.30856956670054336,275,0.418012959816007,203,171,0.9304123711340206,0.6785714285714286,0.6040955631399317,0.5049786628733998,0.18634423897581792,0.3058321479374111,0.3869132290184922,0.42532005689900426,0.465149359886202,0.5049786628733998,0.5362731152204836,0.5376955903271693,0.5376955903271693,0.5376955903271693,0.5376955903271693,0.5376955903271693,0.5376955903271693,0.5376955903271693,0.5376955903271693
nnunet_earlymid,malignant,mean_normalized_entropy,False,0.30819390812799674,275,0.4175040627349709,203,173,0.9304123711340206,0.6760299625468165,0.6109215017064846,0.5049786628733998,0.20768136557610242,0.31721194879089615,0.37268847795163584,0.4267425320056899,0.46799431009957326,0.5064011379800853,0.5362731152204836,0.5376955903271693,0.5376955903271693,0.5376955903271693,0.5376955903271693,0.5376955903271693,0.5376955903271693,0.5376955903271693,0.5376955903271693
nnunet_earlymid,malignant,lguq,False,0.3085712210062247,274,0.4164951455946087,203,170,0.9329896907216495,0.6804511278195489,0.6040955631399317,0.5049786628733998,0.2019914651493599,0.32147937411095306,0.3883357041251778,0.4366998577524893,0.47083926031294454,0.5049786628733998,0.5305832147937412,0.5376955903271693,0.5376955903271693,0.5376955903271693,0.5376955903271693,0.5376955903271693,0.5376955903271693,0.5376955903271693,0.5376955903271693
nnunet_earlymid,malignant,metaseg,False,0.3131720443188883,265,0.4088206489877113,203,157,0.9123711340206185,0.6927592954990215,0.5631399317406144,0.492176386913229,0.2332859174964438,0.32147937411095306,0.39544807965860596,0.4395448079658606,0.47652916073968704,0.5035561877667141,0.5305832147937412,0.5376955903271693,0.5376955903271693,0.5376955903271693,0.5376955903271693,0.5376955903271693,0.5376955903271693,0.5376955903271693,0.5376955903271693
nnunet_earlymid,malignant,standardized_max_logit,False,0.3086445231077193,275,0.4181145017469104,203,172,0.9458762886597938,0.6808905380333952,0.6177474402730375,0.5092460881934566,0.21052631578947367,0.2972972972972973,0.35135135135135137,0.4139402560455192,0.4623044096728307,0.5049786628733998,0.5291607396870555,0.5376955903271693,0.5376955903271693,0.5376955903271693,0.5376955903271693,0.5376955903271693,0.5376955903271693,0.5376955903271693,0.5376955903271693
nnunet_earlymid,malignant,mahalanobis,False,0.2761333770212018,281,0.3822338864185109,203,188,0.8891752577319587,0.6472795497185742,0.6655290102389079,0.48079658605974396,0.07681365576102418,0.1379800853485064,0.21906116642958748,0.3399715504978663,0.40256045519203415,0.44950213371266,0.5007112375533428,0.5376955903271693,0.5376955903271693,0.5376955903271693,0.5376955903271693,0.5376955903271693,0.5376955903271693,0.5376955903271693,0.5376955903271693
nnunet_earlymid,malignant,inverse_area,False,0.30696697767242564,276,0.41735411742654915,203,175,0.9407216494845361,0.6759259259259259,0.6177474402730375,0.5106685633001422,0.20625889046941678,0.3200568990042674,0.3940256045519203,0.44950213371266,0.4779516358463727,0.5135135135135135,0.5334281650071123,0.5376955903271693,0.5376955903271693,0.5376955903271693,0.5376955903271693,0.5376955903271693,0.5376955903271693,0.5376955903271693,0.5376955903271693
nnunet_earlymid,malignant,random_removal,False,,,,,,,,,,0.07690848743480323,0.15078236130867712,0.229208155523945,0.3039355144618303,0.3715030820293978,0.4436699857752489,0.5155523944997629,0.5376955903271694,0.5376955903271694,0.5376955903271694,0.5376955903271694,0.5376955903271694,0.5376955903271694,0.5376955903271694,0.5376955903271694
nnunetcbam_earlymid,benign,no_uq,False,0.4665859069057125,542,0.5346502358200764,473,302,1.0,0.6827731092436975,1.0580204778156996,0.5177419354838709,,,,,,,,,,,,,,,
nnunetcbam_earlymid,benign,one_minus_mean_max_softmax,False,0.4728673207539881,533,0.5328504904056568,473,214,0.94,0.7406060606060606,0.7337883959044369,0.49193548387096775,0.18064516129032257,0.30483870967741933,0.37016129032258066,0.42338709677419356,0.46048387096774196,0.475,0.48629032258064514,0.5024193548387097,0.507258064516129,0.5145161290322581,0.5177419354838709,0.5177419354838709,0.5177419354838709,0.5177419354838709,0.5177419354838709
nnunetcbam_earlymid,benign,mean_normalized_entropy,False,0.47082111332234433,535,0.5325355087261188,473,211,0.9415384615384615,0.7436208991494532,0.726962457337884,0.49193548387096775,0.19435483870967743,0.2967741935483871,0.38225806451612904,0.4435483870967742,0.45806451612903226,0.4806451612903226,0.48870967741935484,0.5032258064516129,0.5064516129032258,0.5145161290322581,0.5177419354838709,0.5177419354838709,0.5177419354838709,0.5177419354838709,0.5177419354838709
nnunetcbam_earlymid,benign,lguq,False,0.4735431944941747,531,0.5316098018528685,473,212,0.9476923076923077,0.7439613526570048,0.7337883959044369,0.49435483870967745,0.20241935483870968,0.29516129032258065,0.36451612903225805,0.4104838709677419,0.4483870967741935,0.475,0.48629032258064514,0.5032258064516129,0.507258064516129,0.5161290322580645,0.5177419354838709,0.5177419354838709,0.5177419354838709,0.5177419354838709,0.5177419354838709
nnunetcbam_earlymid,benign,metaseg,False,0.47376185241947255,533,0.5338584933183486,473,213,0.9476923076923077,0.7430639324487334,0.7337883959044369,0.49516129032258066,0.21935483870967742,0.2991935483870968,0.38225806451612904,0.4435483870967742,0.4612903225806452,0.4798387096774194,0.48870967741935484,0.5,0.5064516129032258,0.5153225806451613,0.5177419354838709,0.5177419354838709,0.5177419354838709,0.5177419354838709,0.5177419354838709
nnunetcbam_earlymid,benign,standardized_max_logit,False,0.4769945283116146,531,0.5354843436225526,473,203,0.9553846153846154,0.7536407766990292,0.7064846416382252,0.4975806451612903,0.21854838709677418,0.3411290322580645,0.3870967741935484,0.4435483870967742,0.4693548387096774,0.4830645161290323,0.4967741935483871,0.5048387096774194,0.5096774193548387,0.5137096774193548,0.5177419354838709,0.5177419354838709,0.5177419354838709,0.5177419354838709,0.5177419354838709
nnunetcbam_earlymid,benign,mahalanobis,False,0.4629842192145108,536,0.5246501934439276,473,257,0.9415384615384615,0.7042577675489068,0.89419795221843,0.48951612903225805,0.05967741935483871,0.1064516129032258,0.1879032258064516,0.2306451612903226,0.29435483870967744,0.34919354838709676,0.41693548387096774,0.4637096774193548,0.4870967741935484,0.5161290322580645,0.5177419354838709,0.5177419354838709,0.5177419354838709,0.5177419354838709,0.5177419354838709
nnunetcbam_earlymid,benign,inverse_area,False,0.4729779492032334,532,0.5319751986810151,473,225,0.9492307692307692,0.7327790973871734,0.7815699658703071,0.49435483870967745,0.17419354838709677,0.25887096774193546,0.3008064516129032,0.3540322580645161,0.4080645161290323,0.45725806451612905,0.4830645161290323,0.5024193548387097,0.510483870967742,0.5177419354838709,0.5177419354838709,0.5177419354838709,0.5177419354838709,0.5177419354838709,0.5177419354838709
nnunetcbam_earlymid,benign,random_removal,False,,,,,,,,,,0.05301075268817204,0.10333333333333333,0.15454301075268814,0.20405913978494625,0.2510215053763441,0.30155913978494625,0.34986559139784945,0.3956989247311828,0.4452956989247312,0.4930645161290323,0.5177419354838709,0.5177419354838709,0.5177419354838709,0.5177419354838709,0.5177419354838709
nnunetcbam_earlymid,malignant,no_uq,False,0.2773138576304992,326,0.44534146594848645,203,396,1.0,0.5268817204301075,1.372013651877133,0.6187766714082503,,,,,,,,,,,,,,,
nnunetcbam_earlymid,malignant,one_minus_mean_max_softmax,False,0.28304248510215557,316,0.44059815414916825,203,328,0.9433106575963719,0.5591397849462365,1.1331058020477816,0.5860597439544808,0.11806543385490754,0.18634423897581792,0.2716927453769559,0.3541963015647226,0.40256045519203415,0.4566145092460882,0.49786628733997157,0.5234708392603129,0.55049786628734,0.5633001422475107,0.5974395448079659,0.6187766714082503,0.6187766714082503,0.6187766714082503,0.6187766714082503
nnunetcbam_earlymid,malignant,mean_normalized_entropy,False,0.2855359306797446,316,0.44447957682167144,203,327,0.9501133786848073,0.561662198391421,1.1331058020477816,0.5889046941678521,0.12091038406827881,0.22190611664295876,0.2972972972972973,0.36415362731152207,0.41963015647226176,0.46799431009957326,0.5092460881934566,0.5320056899004267,0.5533428165007113,0.5689900426742532,0.5974395448079659,0.6187766714082503,0.6187766714082503,0.6187766714082503,0.6187766714082503
nnunetcbam_earlymid,malignant,lguq,False,0.2858543560957194,315,0.4435671042864611,203,325,0.9523809523809523,0.5637583892617449,1.1262798634812288,0.5903271692745377,0.13940256045519203,0.22617354196301565,0.35135135135135137,0.39971550497866287,0.45092460881934565,0.4907539118065434,0.5064011379800853,0.5376955903271693,0.5576102418207681,0.5718349928876245,0.6059743954480796,0.6187766714082503,0.6187766714082503,0.6187766714082503,0.6187766714082503
nnunetcbam_earlymid,malignant,metaseg,False,0.29009491469106435,309,0.44157304748541326,203,293,0.963718820861678,0.5919220055710307,1.0170648464163823,0.5974395448079659,0.20910384068278806,0.32147937411095306,0.3712660028449502,0.44096728307254623,0.48364153627311524,0.5064011379800853,0.5362731152204836,0.55049786628734,0.5689900426742532,0.5889046941678521,0.6073968705547653,0.6187766714082503,0.6187766714082503,0.6187766714082503,0.6187766714082503
nnunetcbam_earlymid,malignant,standardized_max_logit,False,0.28659892275134446,314,0.44331064898483824,203,328,0.9455782312925171,0.5597315436241611,1.129692832764505,0.5889046941678521,0.21763869132290184,0.2958748221906117,0.3712660028449502,0.39971550497866287,0.44523470839260315,0.4722617354196302,0.5064011379800853,0.5391180654338549,0.5547652916073968,0.5732574679943101,0.5931721194879089,0.6187766714082503,0.6187766714082503,0.6187766714082503,0.6187766714082503
nnunetcbam_earlymid,malignant,mahalanobis,False,0.26659136133386946,319,0.41892928209608055,203,347,0.9138321995464853,0.5373333333333333,1.2013651877133107,0.566145092460882,0.03556187766714083,0.07681365576102418,0.12660028449502134,0.1678520625889047,0.23470839260312945,0.27453769559032715,0.33428165007112376,0.41109530583214793,0.4779516358463727,0.5177809388335705,0.5647226173541963,0.6187766714082503,0.6187766714082503,0.6187766714082503,0.6187766714082503
nnunetcbam_earlymid,malignant,inverse_area,False,0.2817329438623119,319,0.44272319749791866,203,339,0.9591836734693877,0.5551181102362205,1.1706484641638226,0.5960170697012802,0.12944523470839261,0.2119487908961593,0.32432432432432434,0.38549075391180654,0.43385490753911804,0.47652916073968704,0.5206258890469416,0.5320056899004267,0.5519203413940256,0.5718349928876245,0.6017069701280228,0.6187766714082503,0.6187766714082503,0.6187766714082503,0.6187766714082503
nnunetcbam_earlymid,malignant,random_removal,False,,,,,,,,,,0.05045045045045044,0.09739212897107634,0.14110953058321482,0.18283546704599338,0.2271692745376956,0.2720720720720721,0.32147937411095306,0.36657183499288765,0.40981507823613084,0.4576102418207681,0.5448553816974868,0.6187766714082502,0.6187766714082502,0.6187766714082502,0.6187766714082502
nnunet_mid,benign,no_uq,False,0.4524234839822015,547,0.5232043250280428,473,380,1.0,0.6346153846153846,1.3617747440273038,0.5169354838709678,,,,,,,,,,,,,,,
nnunet_mid,benign,one_minus_mean_max_softmax,False,0.45466013198314426,541,0.520023533621313,473,266,0.946969696969697,0.7014590347923682,0.9453924914675768,0.49516129032258066,0.21048387096774193,0.2814516129032258,0.34838709677419355,0.38870967741935486,0.4258064516129032,0.4532258064516129,0.4790322580645161,0.4854838709677419,0.4935483870967742,0.4991935483870968,0.5129032258064516,0.5169354838709678,0.5169354838709678,0.5169354838709678,0.5169354838709678
nnunet_mid,benign,mean_normalized_entropy,False,0.4581167384740949,537,0.5201029356460655,473,250,0.9424242424242424,0.713302752293578,0.8873720136518771,0.4935483870967742,0.24193548387096775,0.2870967741935484,0.34919354838709676,0.392741935483871,0.43548387096774194,0.4629032258064516,0.4782258064516129,0.4879032258064516,0.4935483870967742,0.5008064516129033,0.5137096774193548,0.5169354838709678,0.5169354838709678,0.5169354838709678,0.5169354838709678
nnunet_mid,benign,lguq,False,0.4599547814049461,537,0.522189677831831,473,263,0.946969696969697,0.7038288288288288,0.931740614334471,0.4959677419354839,0.19435483870967743,0.27983870967741936,0.3419354838709677,0.38548387096774195,0.41693548387096774,0.43709677419354837,0.4629032258064516,0.475,0.49193548387096775,0.49838709677419357,0.510483870967742,0.5169354838709678,0.5169354838709678,0.5169354838709678,0.5169354838709678
nnunet_mid,benign,metaseg,False,0.46057441909054286,535,0.520945696011502,473,258,0.946969696969697,0.7078142695356738,0.9180887372013652,0.49516129032258066,0.22016129032258064,0.29193548387096774,0.34758064516129034,0.3895161290322581,0.4346774193548387,0.45403225806451614,0.4774193548387097,0.4838709677419355,0.4935483870967742,0.5008064516129033,0.5088709677419355,0.5169354838709678,0.5169354838709678,0.5169354838709678,0.5169354838709678
nnunet_mid,benign,standardized_max_logit,False,0.45209290407951347,541,0.5170872327843907,473,276,0.9393939393939394,0.6919642857142857,0.9761092150170648,0.49193548387096775,0.2153225806451613,0.275,0.307258064516129,0.3540322580645161,0.3975806451612903,0.4258064516129032,0.45403225806451614,0.47258064516129034,0.48629032258064514,0.49516129032258066,0.5112903225806451,0.5169354838709678,0.5169354838709678,0.5169354838709678,0.5169354838709678
nnunet_mid,benign,mahalanobis,False,0.44544191544155487,545,0.5132470273058084,473,351,0.9575757575757575,0.6429298067141404,1.2593856655290103,0.49516129032258066,0.05,0.10161290322580645,0.13951612903225807,0.18064516129032257,0.2120967741935484,0.24758064516129033,0.3040322580645161,0.34516129032258064,0.3814516129032258,0.4217741935483871,0.48951612903225805,0.5169354838709678,0.5169354838709678,0.5169354838709678,0.5169354838709678
nnunet_mid,benign,inverse_area,False,0.4556312410549348,542,0.5220975320333502,473,277,0.946969696969697,0.6929046563192904,0.9931740614334471,0.49274193548387096,0.1693548387096774,0.24596774193548387,0.2967741935483871,0.3419354838709677,0.38306451612903225,0.425,0.45483870967741935,0.47258064516129034,0.48629032258064514,0.49516129032258066,0.5120967741935484,0.5169354838709678,0.5169354838709678,0.5169354838709678,0.5169354838709678
nnunet_mid,benign,random_removal,False,,,,,,,,,,0.04037634408602151,0.08026881720430107,0.12188172043010752,0.15892473118279576,0.19766129032258065,0.23698924731182797,0.276236559139785,0.31010752688172033,0.34766129032258064,0.3854301075268817,0.4579032258064516,0.5169354838709679,0.5169354838709679,0.5169354838709679,0.5169354838709679
nnunet_mid,malignant,no_uq,False,0.25650261229454596,342,0.43213740593465383,203,423,1.0,0.5017667844522968,1.4812286689419796,0.5903271692745377,,,,,,,,,,,,,,,
nnunet_mid,malignant,one_minus_mean_max_softmax,False,0.27171644503053044,321,0.42965999435862207,203,337,0.9342723004694836,0.5414965986394558,1.1774744027303754,0.5547652916073968,0.15220483641536273,0.2460881934566145,0.3200568990042674,0.3613086770981508,0.4167852062588905,0.4366998577524893,0.46799431009957326,0.49359886201991465,0.5177809388335705,0.5305832147937412,0.5590327169274538,0.5846372688477952,0.5903271692745377,0.5903271692745377,0.5903271692745377
nnunet_mid,malignant,mean_normalized_entropy,False,0.27374587753659313,318,0.42882359141200305,203,331,0.931924882629108,0.5453296703296703,1.1569965870307166,0.5533428165007113,0.12802275960170698,0.26458036984352773,0.3314366998577525,0.3968705547652916,0.422475106685633,0.44523470839260315,0.46799431009957326,0.48933143669985774,0.5163584637268848,0.534850640113798,0.5604551920341394,0.5846372688477952,0.5903271692745377,0.5903271692745377,0.5903271692745377
nnunet_mid,malignant,lguq,False,0.27034177230486495,319,0.42482278505050197,203,335,0.9342723004694836,0.5429740791268759,1.174061433447099,0.5533428165007113,0.1465149359886202,0.2532005689900427,0.32432432432432434,0.3684210526315789,0.41251778093883357,0.4352773826458037,0.4566145092460882,0.4907539118065434,0.5064011379800853,0.5305832147937412,0.5689900426742532,0.5860597439544808,0.5903271692745377,0.5903271692745377,0.5903271692745377
nnunet_mid,malignant,metaseg,False,0.2758223844376497,314,0.4266415207557735,203,324,0.9366197183098591,0.5518672199170125,1.136518771331058,0.5547652916073968,0.20056899004267426,0.31436699857752487,0.3783783783783784,0.4182076813655761,0.4480796586059744,0.46372688477951635,0.48079658605974396,0.5092460881934566,0.5234708392603129,0.5405405405405406,0.5647226173541963,0.5832147937411095,0.5903271692745377,0.5903271692745377,0.5903271692745377
nnunet_mid,malignant,standardized_max_logit,False,0.27378844216273013,319,0.430238980541433,203,339,0.9413145539906104,0.5418918918918919,1.1843003412969284,0.5590327169274538,0.17354196301564723,0.31436699857752487,0.3712660028449502,0.39544807965860596,0.42532005689900426,0.45803698435277385,0.4822190611664296,0.5064011379800853,0.5206258890469416,0.5391180654338549,0.5647226173541963,0.5846372688477952,0.5903271692745377,0.5903271692745377,0.5903271692745377
nnunet_mid,malignant,mahalanobis,False,0.24609553366514933,338,0.40975512501882005,203,387,0.9061032863849765,0.49935316946959896,1.348122866894198,0.5376955903271693,0.051209103840682786,0.08392603129445235,0.112375533428165,0.1465149359886202,0.17780938833570412,0.22617354196301565,0.2574679943100996,0.3015647226173542,0.3285917496443812,0.36984352773826457,0.4779516358463727,0.55049786628734,0.5903271692745377,0.5903271692745377,0.5903271692745377
nnunet_mid,malignant,inverse_area,False,0.2688849092835291,326,0.4318053222976871,203,353,0.9553990610328639,0.5355263157894737,1.235494880546075,0.566145092460882,0.14793741109530584,0.2631578947368421,0.36415362731152207,0.406827880512091,0.4395448079658606,0.4665718349928876,0.4864864864864865,0.5078236130867709,0.5248933143669986,0.5391180654338549,0.5590327169274538,0.5860597439544808,0.5903271692745377,0.5903271692745377,0.5903271692745377
nnunet_mid,malignant,random_removal,False,,,,,,,,,,0.04803224276908489,0.0894262683736368,0.13053579895685158,0.17121858700806075,0.21095305832147931,0.25040303461356095,0.28985301090564247,0.32958748221906115,0.366145092460882,0.4057373162636321,0.48226647700331904,0.5571834992887624,0.5903271692745377,0.5903271692745377,0.5903271692745377
nnunetcbam_mid,benign,no_uq,False,0.46214598667414397,541,0.5285855788387144,473,340,1.0,0.657258064516129,1.21160409556314,0.5137096774193548,,,,,,,,,,,,,,,
nnunetcbam_mid,benign,one_minus_mean_max_softmax,False,0.46727427473723965,535,0.528523756838104,473,230,0.9447852760736196,0.7281323877068558,0.8088737201365188,0.49112903225806454,0.1935483870967742,0.29193548387096774,0.3411290322580645,0.3943548387096774,0.4290322580645161,0.45483870967741935,0.4782258064516129,0.49435483870967745,0.49838709677419357,0.5032258064516129,0.5137096774193548,0.5137096774193548,0.5137096774193548,0.5137096774193548,0.5137096774193548
nnunetcbam_mid,benign,mean_normalized_entropy,False,0.4697863822658598,532,0.5283855293138212,473,220,0.9401840490797546,0.7358943577430972,0.7747440273037542,0.48870967741935484,0.23548387096774193,0.307258064516129,0.357258064516129,0.40080645161290324,0.43629032258064515,0.4620967741935484,0.4830645161290323,0.49193548387096775,0.4975806451612903,0.5032258064516129,0.5137096774193548,0.5137096774193548,0.5137096774193548,0.5137096774193548,0.5137096774193548
nnunetcbam_mid,benign,lguq,False,0.4710442936984158,532,0.5298003472464211,473,231,0.9539877300613497,0.7291910902696366,0.8191126279863481,0.49435483870967745,0.2129032258064516,0.2532258064516129,0.33145161290322583,0.38467741935483873,0.42016129032258065,0.4467741935483871,0.4774193548387097,0.4935483870967742,0.4991935483870968,0.5040322580645161,0.5137096774193548,0.5137096774193548,0.5137096774193548,0.5137096774193548,0.5137096774193548
nnunetcbam_mid,benign,metaseg,False,0.4727871198298511,529,0.5287619162579096,473,210,0.9371165644171779,0.7442143727161997,0.7406143344709898,0.4870967741935484,0.25725806451612904,0.3153225806451613,0.3741935483870968,0.4,0.4338709677419355,0.4637096774193548,0.4830645161290323,0.49274193548387096,0.49516129032258066,0.5016129032258064,0.5137096774193548,0.5137096774193548,0.5137096774193548,0.5137096774193548,0.5137096774193548
nnunetcbam_mid,benign,standardized_max_logit,False,0.4710745199263537,531,0.5288384145473443,473,212,0.9371165644171779,0.7424058323207776,0.7508532423208191,0.48629032258064514,0.22580645161290322,0.3153225806451613,0.38629032258064516,0.4217741935483871,0.4475806451612903,0.4693548387096774,0.4838709677419355,0.4935483870967742,0.4975806451612903,0.5048387096774194,0.5137096774193548,0.5137096774193548,0.5137096774193548,0.5137096774193548,0.5137096774193548
nnunetcbam_mid,benign,mahalanobis,False,0.45711681144793564,539,0.5209005525802057,473,296,0.9555214723926381,0.6779107725788901,1.0477815699658704,0.4935483870967742,0.0532258064516129,0.10403225806451613,0.18306451612903227,0.22580645161290322,0.2911290322580645,0.34516129032258064,0.3790322580645161,0.41854838709677417,0.4532258064516129,0.4846774193548387,0.5129032258064516,0.5137096774193548,0.5137096774193548,0.5137096774193548,0.5137096774193548
nnunetcbam_mid,benign,inverse_area,False,0.46595305831252126,537,0.5289995609171754,473,255,0.9585889570552147,0.7102272727272727,0.9044368600682594,0.4959677419354839,0.18548387096774194,0.25564516129032255,0.3088709677419355,0.3540322580645161,0.4064516129032258,0.4475806451612903,0.47096774193548385,0.4846774193548387,0.49435483870967745,0.5032258064516129,0.5129032258064516,0.5137096774193548,0.5137096774193548,0.5137096774193548,0.5137096774193548
nnunetcbam_mid,benign,random_removal,False,,,,,,,,,,0.044946236559139784,0.08709677419354837,0.13013440860215053,0.17319892473118279,0.2164247311827957,0.256989247311828,0.29731182795698924,0.34276881720430113,0.3850537634408602,0.42481182795698924,0.5087365591397849,0.5137096774193548,0.5137096774193548,0.5137096774193548,0.5137096774193548
nnunetcbam_mid,malignant,no_uq,False,0.2904790368719114,308,0.44072681456427937,203,338,1.0,0.5529100529100529,1.1774744027303754,0.5846372688477952,,,,,,,,,,,,,,,
nnunetcbam_mid,malignant,one_minus_mean_max_softmax,False,0.30485356376265826,293,0.4400103161697482,203,255,0.9545454545454546,0.6100917431192661,0.8873720136518771,0.5604551920341394,0.09388335704125178,0.19914651493598862,0.30440967283072545,0.3911806543385491,0.4395448079658606,0.47652916073968704,0.5135135135135135,0.5362731152204836,0.5590327169274538,0.566145092460882,0.5846372688477952,0.5846372688477952,0.5846372688477952,0.5846372688477952,0.5846372688477952
nnunetcbam_mid,malignant,mean_normalized_entropy,False,0.3044475959830288,293,0.43942436267501206,203,255,0.9473684210526315,0.6082949308755761,0.8873720136518771,0.5561877667140825,0.13940256045519203,0.24182076813655762,0.32574679943101,0.41251778093883357,0.4566145092460882,0.48933143669985774,0.5120910384068279,0.5391180654338549,0.5561877667140825,0.5675675675675675,0.5846372688477952,0.5846372688477952,0.5846372688477952,0.5846372688477952,0.5846372688477952
nnunetcbam_mid,malignant,lguq,False,0.3020826035636294,291,0.43303466816264125,203,256,0.9401913875598086,0.6055469953775039,0.8907849829351536,0.5519203413940256,0.09246088193456614,0.2019914651493599,0.31721194879089615,0.38975817923186346,0.4267425320056899,0.48364153627311524,0.5078236130867709,0.5305832147937412,0.5533428165007113,0.5647226173541963,0.5846372688477952,0.5846372688477952,0.5846372688477952,0.5846372688477952,0.5846372688477952
nnunetcbam_mid,malignant,metaseg,False,0.3121383938419701,284,0.4366862258675838,203,228,0.9210526315789473,0.6280587275693311,0.7952218430034129,0.5405405405405406,0.19914651493598862,0.34281650071123754,0.40256045519203415,0.4423897581792319,0.48364153627311524,0.5092460881934566,0.5234708392603129,0.5305832147937412,0.5519203413940256,0.5633001422475107,0.5846372688477952,0.5846372688477952,0.5846372688477952,0.5846372688477952,0.5846372688477952
nnunetcbam_mid,malignant,standardized_max_logit,False,0.30393879993301065,293,0.4386899920215375,203,255,0.9497607655502392,0.6088957055214724,0.8907849829351536,0.5561877667140825,0.26884779516358465,0.3911806543385491,0.42105263157894735,0.45092460881934565,0.47368421052631576,0.49359886201991465,0.5305832147937412,0.5419630156472262,0.5590327169274538,0.5732574679943101,0.5846372688477952,0.5846372688477952,0.5846372688477952,0.5846372688477952,0.5846372688477952
nnunetcbam_mid,malignant,mahalanobis,False,0.28307302303899556,300,0.4183345168063974,203,294,0.9090909090909091,0.5637982195845698,1.023890784982935,0.5320056899004267,0.05547652916073969,0.13655761024182078,0.18349928876244664,0.24751066856330015,0.31152204836415365,0.35988620199146515,0.40825035561877665,0.4423897581792319,0.48364153627311524,0.5234708392603129,0.5846372688477952,0.5846372688477952,0.5846372688477952,0.5846372688477952,0.5846372688477952
nnunetcbam_mid,malignant,inverse_area,False,0.3053693898689633,291,0.4377462682358045,203,266,0.9449760765550239,0.5975794251134644,0.9283276450511946,0.5533428165007113,0.14793741109530584,0.24039829302987198,0.36415362731152207,0.41536273115220484,0.4722617354196302,0.49644381223328593,0.5120910384068279,0.5334281650071123,0.55049786628734,0.5647226173541963,0.5846372688477952,0.5846372688477952,0.5846372688477952,0.5846372688477952,0.5846372688477952
nnunetcbam_mid,malignant,random_removal,False,,,,,,,,,,0.05111427216690375,0.10260787102892367,0.15542911332385018,0.20554765291607394,0.2520625889046942,0.30099573257468004,0.34931247036510193,0.397724039829303,0.4480796586059744,0.4991939307728781,0.5846372688477952,0.5846372688477952,0.5846372688477952,0.5846372688477952,0.5846372688477952
segformer_mid,benign,no_uq,True,0.48557427597984926,531,0.545116153372727,473,425,1.0,0.6507806080525883,1.522184300341297,0.6217741935483871,,,,,,,,,,,,,,,
segformer_mid,benign,one_minus_mean_max_softmax,True,0.4872990770915663,528,0.5439617604743066,473,343,0.9545454545454546,0.6878980891719745,1.2150170648464165,0.5991935483870968,0.24193548387096775,0.32983870967741935,0.38306451612903225,0.4241935483870968,0.4596774193548387,0.49112903225806454,0.5225806451612903,0.5395161290322581,0.5556451612903226,0.5733870967741935,0.5959677419354839,0.614516129032258,0.6217741935483871,0.6217741935483871,0.6217741935483871
segformer_mid,benign,mean_normalized_entropy,True,0.48786220327784713,527,0.5435589453011109,473,356,0.9608585858585859,0.6812891674127126,1.266211604095563,0.6016129032258064,0.23951612903225805,0.32983870967741935,0.3903225806451613,0.4241935483870968,0.4669354838709677,0.5,0.5233870967741936,0.5435483870967742,0.557258064516129,0.5685483870967742,0.5951612903225807,0.6137096774193549,0.6217741935483871,0.6217741935483871,0.6217741935483871
segformer_mid,benign,lguq,True,0.4833149085607737,530,0.5415579313683089,473,352,0.9444444444444444,0.68,1.242320819112628,0.5935483870967742,0.21935483870967742,0.29354838709677417,0.3758064516129032,0.42258064516129035,0.45725806451612905,0.48870967741935484,0.5129032258064516,0.5314516129032258,0.5483870967741935,0.5629032258064516,0.5951612903225807,0.6096774193548387,0.6217741935483871,0.6217741935483871,0.6217741935483871
segformer_mid,benign,metaseg,True,0.4854682084416744,528,0.5419180001209388,473,343,0.946969696969697,0.6861848124428179,1.2184300341296928,0.5935483870967742,0.2693548387096774,0.34758064516129034,0.3935483870967742,0.4258064516129032,0.45241935483870965,0.4846774193548387,0.5169354838709678,0.5387096774193548,0.557258064516129,0.5653225806451613,0.5951612903225807,0.6161290322580645,0.6217741935483871,0.6217741935483871,0.6217741935483871
segformer_mid,benign,standardized_max_logit,True,0.484033823541169,526,0.5382701716335199,473,365,0.9570707070707071,0.6749777382012466,1.310580204778157,0.5959677419354839,0.2064516129032258,0.29516129032258065,0.3524193548387097,0.3895161290322581,0.42096774193548386,0.43870967741935485,0.4612903225806452,0.4879032258064516,0.5145161290322581,0.5306451612903226,0.5709677419354838,0.6056451612903225,0.6217741935483871,0.6217741935483871,0.6217741935483871
segformer_mid,benign,mahalanobis,True,0.4602341158746785,528,0.5137497107438272,473,339,0.8674242424242424,0.6695906432748538,1.204778156996587,0.542741935483871,0.020161290322580645,0.03306451612903226,0.05967741935483871,0.10564516129032259,0.1879032258064516,0.2814516129032258,0.3225806451612903,0.3774193548387097,0.43629032258064515,0.482258064516129,0.5419354838709678,0.592741935483871,0.6217741935483871,0.6217741935483871,0.6217741935483871
segformer_mid,benign,inverse_area,True,0.4879884709038667,527,0.5436996282586422,473,375,0.9722222222222222,0.6724890829694323,1.3344709897610922,0.6080645161290322,0.17016129032258065,0.2524193548387097,0.317741935483871,0.3774193548387097,0.4153225806451613,0.46774193548387094,0.5048387096774194,0.5298387096774193,0.55,0.5620967741935484,0.5887096774193549,0.6161290322580645,0.6217741935483871,0.6217741935483871,0.6217741935483871
segformer_mid,benign,random_removal,True,,,,,,,,,,0.040215053763440874,0.08360215053763441,0.12287634408602152,0.1668010752688172,0.2088978494623656,0.24841397849462366,0.29032258064516125,0.3306451612903226,0.3707795698924731,0.41448924731182796,0.4920698924731183,0.5728494623655913,0.621774193548387,0.621774193548387,0.621774193548387
segformer_mid,malignant,no_uq,True,0.3174933863653261,254,0.397257734664004,203,273,1.0,0.6412614980289093,0.9419795221843004,0.689900426742532,,,,,,,,,,,,,,,
segformer_mid,malignant,one_minus_mean_max_softmax,True,0.3230320237560522,247,0.39304881708248723,203,188,0.9344262295081968,0.7080745341614907,0.6484641638225256,0.6458036984352774,0.3200568990042674,0.465149359886202,0.519203413940256,0.5704125177809388,0.6173541963015647,0.6372688477951636,0.65149359886202,0.6685633001422475,0.6813655761024182,0.689900426742532,0.689900426742532,0.689900426742532,0.689900426742532,0.689900426742532,0.689900426742532
segformer_mid,malignant,mean_normalized_entropy,True,0.31942494520332304,247,0.3886599086956689,203,189,0.930327868852459,0.7060653188180405,0.6518771331058021,0.6429587482219061,0.3385490753911807,0.465149359886202,0.5320056899004267,0.577524893314367,0.6130867709815079,0.6401137980085349,0.6500711237553343,0.6685633001422475,0.6756756756756757,0.689900426742532,0.689900426742532,0.689900426742532,0.689900426742532,0.689900426742532,0.689900426742532
segformer_mid,malignant,lguq,True,0.32172411605855344,246,0.389872574139922,203,188,0.944672131147541,0.7103235747303543,0.6484641638225256,0.6529160739687055,0.283072546230441,0.44950213371266,0.5163584637268848,0.5860597439544808,0.6116642958748222,0.6443812233285917,0.6614509246088194,0.6699857752489331,0.6870554765291608,0.689900426742532,0.689900426742532,0.689900426742532,0.689900426742532,0.689900426742532,0.689900426742532
segformer_mid,malignant,metaseg,True,0.3272695077886967,244,0.3933682753716354,203,180,0.9385245901639344,0.7178683385579937,0.621160409556314,0.6486486486486487,0.35561877667140823,0.4665718349928876,0.5234708392603129,0.5817923186344239,0.6088193456614509,0.6415362731152204,0.6586059743954481,0.6657183499288762,0.6770981507823614,0.689900426742532,0.689900426742532,0.689900426742532,0.689900426742532,0.689900426742532,0.689900426742532
segformer_mid,malignant,standardized_max_logit,True,0.31481829958885477,246,0.3815039492554595,203,215,0.9241803278688525,0.6771771771771772,0.7406143344709898,0.6386913229018493,0.40256045519203415,0.48364153627311524,0.519203413940256,0.5604551920341394,0.5832147937411095,0.6002844950213371,0.6344238975817923,0.6543385490753911,0.6756756756756757,0.689900426742532,0.689900426742532,0.689900426742532,0.689900426742532,0.689900426742532,0.689900426742532
segformer_mid,malignant,mahalanobis,True,0.2721168217405067,239,0.3203739920984291,203,192,0.6967213114754098,0.6390977443609023,0.658703071672355,0.4822190611664296,0.07681365576102418,0.17496443812233287,0.2759601706970128,0.31721194879089615,0.36415362731152207,0.42532005689900426,0.49644381223328593,0.5633001422475107,0.6529160739687055,0.689900426742532,0.689900426742532,0.689900426742532,0.689900426742532,0.689900426742532,0.689900426742532
segformer_mid,malignant,inverse_area,True,0.32173319008575746,249,0.39463824793770247,203,202,0.9426229508196722,0.6948640483383686,0.6962457337883959,0.65149359886202,0.20910384068278806,0.34992887624466573,0.48933143669985774,0.5604551920341394,0.6088193456614509,0.6344238975817923,0.6600284495021337,0.6671408250355618,0.6842105263157895,0.689900426742532,0.689900426742532,0.689900426742532,0.689900426742532,0.689900426742532,0.689900426742532
segformer_mid,malignant,random_removal,True,,,,,,,,,,0.07728781412991939,0.15092460881934563,0.2240398293029872,0.30431484115694646,0.37529634898055964,0.4449027975343765,0.5243243243243243,0.5936936936936937,0.6588904694167851,0.6899004267425322,0.6899004267425322,0.6899004267425322,0.6899004267425322,0.6899004267425322,0.6899004267425322
