target,model,setting,false_positives_per_case,hotspot_sensitivity
malignant,nnunet_single,mean_normalized_entropy,0.1,0.1038406827880512
malignant,nnunet_single,mean_normalized_entropy,0.2,0.1721194879089616
malignant,nnunet_single,mean_normalized_entropy,0.3,0.2645803698435277
malignant,nnunet_single,mean_normalized_entropy,0.4,0.3271692745376955
malignant,nnunet_single,mean_normalized_entropy,0.5,0.352773826458037
malignant,nnunet_single,mean_normalized_entropy,0.6,0.3854907539118065
malignant,nnunet_single,mean_normalized_entropy,0.7,0.4238975817923186
malignant,nnunet_single,mean_normalized_entropy,0.8,0.4523470839260313
malignant,nnunet_single,mean_normalized_entropy,0.9,0.4708392603129445
malignant,nnunet_single,mean_normalized_entropy,1.0,0.4850640113798009
malignant,nnunet_single,mean_normalized_entropy,1.2,0.5120910384068279
malignant,nnunet_single,mean_normalized_entropy,1.4,0.5519203413940256
malignant,nnunet_single,mean_normalized_entropy,1.6,0.5718349928876245
malignant,nnunet_single,mean_normalized_entropy,1.8,0.5789473684210527
malignant,nnunet_single,mean_normalized_entropy,2.0,0.5789473684210527
malignant,nnunet_single,lguq,0.1,0.1038406827880512
malignant,nnunet_single,lguq,0.2,0.1906116642958748
malignant,nnunet_single,lguq,0.3,0.2603129445234708
malignant,nnunet_single,lguq,0.4,0.3186344238975818
malignant,nnunet_single,lguq,0.5,0.3499288762446657
malignant,nnunet_single,lguq,0.6,0.3869132290184922
malignant,nnunet_single,lguq,0.7,0.4253200568990042
malignant,nnunet_single,lguq,0.8,0.460881934566145
malignant,nnunet_single,lguq,0.9,0.4836415362731152
malignant,nnunet_single,lguq,1.0,0.4992887624466572
malignant,nnunet_single,lguq,1.2,0.5263157894736842
malignant,nnunet_single,lguq,1.4,0.5561877667140825
malignant,nnunet_single,lguq,1.6,0.5746799431009957
malignant,nnunet_single,lguq,1.8,0.5789473684210527
malignant,nnunet_single,lguq,2.0,0.5789473684210527
malignant,nnunet_single,metaseg,0.1,0.1607396870554765
malignant,nnunet_single,metaseg,0.2,0.2318634423897581
malignant,nnunet_single,metaseg,0.3,0.2972972972972973
malignant,nnunet_single,metaseg,0.4,0.3684210526315789
malignant,nnunet_single,metaseg,0.5,0.3954480796586059
malignant,nnunet_single,metaseg,0.6,0.4295874822190612
malignant,nnunet_single,metaseg,0.7,0.4509246088193456
malignant,nnunet_single,metaseg,0.8,0.4736842105263157
malignant,nnunet_single,metaseg,0.9,0.4850640113798009
malignant,nnunet_single,metaseg,1.0,0.5064011379800853
malignant,nnunet_single,metaseg,1.2,0.5305832147937412
malignant,nnunet_single,metaseg,1.4,0.5490753911806543
malignant,nnunet_single,metaseg,1.6,0.5675675675675675
malignant,nnunet_single,metaseg,1.8,0.5789473684210527
malignant,nnunet_single,metaseg,2.0,0.5789473684210527
malignant,nnunet_single,standardized_max_logit,0.1,0.1493598862019914
malignant,nnunet_single,standardized_max_logit,0.2,0.2190611664295874
malignant,nnunet_single,standardized_max_logit,0.3,0.2844950213371266
malignant,nnunet_single,standardized_max_logit,0.4,0.3342816500711237
malignant,nnunet_single,standardized_max_logit,0.5,0.3783783783783784
malignant,nnunet_single,standardized_max_logit,0.6,0.4039829302987198
malignant,nnunet_single,standardized_max_logit,0.7,0.422475106685633
malignant,nnunet_single,standardized_max_logit,0.8,0.44950213371266
malignant,nnunet_single,standardized_max_logit,0.9,0.4694167852062589
malignant,nnunet_single,standardized_max_logit,1.0,0.4893314366998577
malignant,nnunet_single,standardized_max_logit,1.2,0.5106685633001422
malignant,nnunet_single,standardized_max_logit,1.4,0.5419630156472262
malignant,nnunet_single,standardized_max_logit,1.6,0.561877667140825
malignant,nnunet_single,standardized_max_logit,1.8,0.5789473684210527
malignant,nnunet_single,standardized_max_logit,2.0,0.5789473684210527
malignant,nnunet_single,random_removal,0.1,0.0346609767662399
malignant,nnunet_single,random_removal,0.2,0.0735419630156472
malignant,nnunet_single,random_removal,0.3,0.1065433854907539
malignant,nnunet_single,random_removal,0.4,0.1411095305832148
malignant,nnunet_single,random_removal,0.5,0.1715504978662873
malignant,nnunet_single,random_removal,0.6,0.2067330488383119
malignant,nnunet_single,random_removal,0.7,0.2420104314841157
malignant,nnunet_single,random_removal,0.8,0.2739212897107634
malignant,nnunet_single,random_removal,0.9,0.3058795637743005
malignant,nnunet_single,random_removal,1.0,0.338217164532954
malignant,nnunet_single,random_removal,1.2,0.3986723565670934
malignant,nnunet_single,random_removal,1.4,0.462968231389284
malignant,nnunet_single,random_removal,1.6,0.5280701754385965
malignant,nnunet_single,random_removal,1.8,0.5789473684210527
malignant,nnunet_single,random_removal,2.0,0.5789473684210527
malignant,nnunet_early,mean_normalized_entropy,0.1,0.1052631578947368
malignant,nnunet_early,mean_normalized_entropy,0.2,0.2076813655761024
malignant,nnunet_early,mean_normalized_entropy,0.3,0.3029871977240398
malignant,nnunet_early,mean_normalized_entropy,0.4,0.4025604551920341
malignant,nnunet_early,mean_normalized_entropy,0.5,0.4438122332859175
malignant,nnunet_early,mean_normalized_entropy,0.6,0.4779516358463727
malignant,nnunet_early,mean_normalized_entropy,0.7,0.5035561877667141
malignant,nnunet_early,mean_normalized_entropy,0.8,0.5291607396870555
malignant,nnunet_early,mean_normalized_entropy,0.9,0.5476529160739687
malignant,nnunet_early,mean_normalized_entropy,1.0,0.5547652916073968
malignant,nnunet_early,mean_normalized_entropy,1.2,0.5547652916073968
malignant,nnunet_early,mean_normalized_entropy,1.4,0.5547652916073968
malignant,nnunet_early,mean_normalized_entropy,1.6,0.5547652916073968
malignant,nnunet_early,mean_normalized_entropy,1.8,0.5547652916073968
malignant,nnunet_early,mean_normalized_entropy,2.0,0.5547652916073968
malignant,nnunet_early,lguq,0.1,0.1479374110953058
malignant,nnunet_early,lguq,0.2,0.2475106685633001
malignant,nnunet_early,lguq,0.3,0.3584637268847795
malignant,nnunet_early,lguq,0.4,0.4153627311522048
malignant,nnunet_early,lguq,0.5,0.4623044096728307
malignant,nnunet_early,lguq,0.6,0.4950213371266003
malignant,nnunet_early,lguq,0.7,0.5092460881934566
malignant,nnunet_early,lguq,0.8,0.5305832147937412
malignant,nnunet_early,lguq,0.9,0.5519203413940256
malignant,nnunet_early,lguq,1.0,0.5547652916073968
malignant,nnunet_early,lguq,1.2,0.5547652916073968
malignant,nnunet_early,lguq,1.4,0.5547652916073968
malignant,nnunet_early,lguq,1.6,0.5547652916073968
malignant,nnunet_early,lguq,1.8,0.5547652916073968
malignant,nnunet_early,lguq,2.0,0.5547652916073968
malignant,nnunet_early,metaseg,0.1,0.1920341394025604
malignant,nnunet_early,metaseg,0.2,0.3129445234708393
malignant,nnunet_early,metaseg,0.3,0.3968705547652916
malignant,nnunet_early,metaseg,0.4,0.4423897581792319
malignant,nnunet_early,metaseg,0.5,0.4793741109530583
malignant,nnunet_early,metaseg,0.6,0.4964438122332859
malignant,nnunet_early,metaseg,0.7,0.5206258890469416
malignant,nnunet_early,metaseg,0.8,0.5362731152204836
malignant,nnunet_early,metaseg,0.9,0.5433854907539118
malignant,nnunet_early,metaseg,1.0,0.5547652916073968
malignant,nnunet_early,metaseg,1.2,0.5547652916073968
malignant,nnunet_early,metaseg,1.4,0.5547652916073968
malignant,nnunet_early,metaseg,1.6,0.5547652916073968
malignant,nnunet_early,metaseg,1.8,0.5547652916073968
malignant,nnunet_early,metaseg,2.0,0.5547652916073968
malignant,nnunet_early,standardized_max_logit,0.1,0.182076813655761
malignant,nnunet_early,standardized_max_logit,0.2,0.2816500711237553
malignant,nnunet_early,standardized_max_logit,0.3,0.3598862019914651
malignant,nnunet_early,standardized_max_logit,0.4,0.4281650071123755
malignant,nnunet_early,standardized_max_logit,0.5,0.4594594594594595
malignant,nnunet_early,standardized_max_logit,0.6,0.4822190611664296
malignant,nnunet_early,standardized_max_logit,0.7,0.4992887624466572
malignant,nnunet_early,standardized_max_logit,0.8,0.5291607396870555
malignant,nnunet_early,standardized_max_logit,0.9,0.5490753911806543
malignant,nnunet_early,standardized_max_logit,1.0,0.5547652916073968
malignant,nnunet_early,standardized_max_logit,1.2,0.5547652916073968
malignant,nnunet_early,standardized_max_logit,1.4,0.5547652916073968
malignant,nnunet_early,standardized_max_logit,1.6,0.5547652916073968
malignant,nnunet_early,standardized_max_logit,1.8,0.5547652916073968
malignant,nnunet_early,standardized_max_logit,2.0,0.5547652916073968
malignant,nnunet_early,random_removal,0.1,0.0620199146514936
malignant,nnunet_early,random_removal,0.2,0.1189663347558084
malignant,nnunet_early,random_removal,0.3,0.178710289236605
malignant,nnunet_early,random_removal,0.4,0.2365101944049312
malignant,nnunet_early,random_removal,0.5,0.2970602181128496
malignant,nnunet_early,random_removal,0.6,0.3532479848269322
malignant,nnunet_early,random_removal,0.7,0.4051683262209578
malignant,nnunet_early,random_removal,0.8,0.4590801327643433
malignant,nnunet_early,random_removal,0.9,0.5165481270744429
malignant,nnunet_early,random_removal,1.0,0.554765291607397
malignant,nnunet_early,random_removal,1.2,0.554765291607397
malignant,nnunet_early,random_removal,1.4,0.554765291607397
malignant,nnunet_early,random_removal,1.6,0.554765291607397
malignant,nnunet_early,random_removal,1.8,0.554765291607397
malignant,nnunet_early,random_removal,2.0,0.554765291607397
malignant,nnunet_earlymid,mean_normalized_entropy,0.1,0.2076813655761024
malignant,nnunet_earlymid,mean_normalized_entropy,0.2,0.3172119487908961
malignant,nnunet_earlymid,mean_normalized_entropy,0.3,0.3726884779516358
malignant,nnunet_earlymid,mean_normalized_entropy,0.4,0.4267425320056899
malignant,nnunet_earlymid,mean_normalized_entropy,0.5,0.4679943100995732
malignant,nnunet_earlymid,mean_normalized_entropy,0.6,0.5064011379800853
malignant,nnunet_earlymid,mean_normalized_entropy,0.7,0.5362731152204836
malignant,nnunet_earlymid,mean_normalized_entropy,0.8,0.5376955903271693
malignant,nnunet_earlymid,mean_normalized_entropy,0.9,0.5376955903271693
malignant,nnunet_earlymid,mean_normalized_entropy,1.0,0.5376955903271693
malignant,nnunet_earlymid,mean_normalized_entropy,1.2,0.5376955903271693
malignant,nnunet_earlymid,mean_normalized_entropy,1.4,0.5376955903271693
malignant,nnunet_earlymid,mean_normalized_entropy,1.6,0.5376955903271693
malignant,nnunet_earlymid,mean_normalized_entropy,1.8,0.5376955903271693
malignant,nnunet_earlymid,mean_normalized_entropy,2.0,0.5376955903271693
malignant,nnunet_earlymid,lguq,0.1,0.2019914651493599
malignant,nnunet_earlymid,lguq,0.2,0.321479374110953
malignant,nnunet_earlymid,lguq,0.3,0.3883357041251778
malignant,nnunet_earlymid,lguq,0.4,0.4366998577524893
malignant,nnunet_earlymid,lguq,0.5,0.4708392603129445
malignant,nnunet_earlymid,lguq,0.6,0.5049786628733998
malignant,nnunet_earlymid,lguq,0.7,0.5305832147937412
malignant,nnunet_earlymid,lguq,0.8,0.5376955903271693
malignant,nnunet_earlymid,lguq,0.9,0.5376955903271693
malignant,nnunet_earlymid,lguq,1.0,0.5376955903271693
malignant,nnunet_earlymid,lguq,1.2,0.5376955903271693
malignant,nnunet_earlymid,lguq,1.4,0.5376955903271693
malignant,nnunet_earlymid,lguq,1.6,0.5376955903271693
malignant,nnunet_earlymid,lguq,1.8,0.5376955903271693
malignant,nnunet_earlymid,lguq,2.0,0.5376955903271693
malignant,nnunet_earlymid,metaseg,0.1,0.2332859174964438
malignant,nnunet_earlymid,metaseg,0.2,0.321479374110953
malignant,nnunet_earlymid,metaseg,0.3,0.3954480796586059
malignant,nnunet_earlymid,metaseg,0.4,0.4395448079658606
malignant,nnunet_earlymid,metaseg,0.5,0.476529160739687
malignant,nnunet_earlymid,metaseg,0.6,0.5035561877667141
malignant,nnunet_earlymid,metaseg,0.7,0.5305832147937412
malignant,nnunet_earlymid,metaseg,0.8,0.5376955903271693
malignant,nnunet_earlymid,metaseg,0.9,0.5376955903271693
malignant,nnunet_earlymid,metaseg,1.0,0.5376955903271693
malignant,nnunet_earlymid,metaseg,1.2,0.5376955903271693
malignant,nnunet_earlymid,metaseg,1.4,0.5376955903271693
malignant,nnunet_earlymid,metaseg,1.6,0.5376955903271693
malignant,nnunet_earlymid,metaseg,1.8,0.5376955903271693
malignant,nnunet_earlymid,metaseg,2.0,0.5376955903271693
malignant,nnunet_earlymid,standardized_max_logit,0.1,0.2105263157894736
malignant,nnunet_earlymid,standardized_max_logit,0.2,0.2972972972972973
malignant,nnunet_earlymid,standardized_max_logit,0.3,0.3513513513513513
malignant,nnunet_earlymid,standardized_max_logit,0.4,0.4139402560455192
malignant,nnunet_earlymid,standardized_max_logit,0.5,0.4623044096728307
malignant,nnunet_earlymid,standardized_max_logit,0.6,0.5049786628733998
malignant,nnunet_earlymid,standardized_max_logit,0.7,0.5291607396870555
malignant,nnunet_earlymid,standardized_max_logit,0.8,0.5376955903271693
malignant,nnunet_earlymid,standardized_max_logit,0.9,0.5376955903271693
malignant,nnunet_earlymid,standardized_max_logit,1.0,0.5376955903271693
malignant,nnunet_earlymid,standardized_max_logit,1.2,0.5376955903271693
malignant,nnunet_earlymid,standardized_max_logit,1.4,0.5376955903271693
malignant,nnunet_earlymid,standardized_max_logit,1.6,0.5376955903271693
malignant,nnunet_earlymid,standardized_max_logit,1.8,0.5376955903271693
malignant,nnunet_earlymid,standardized_max_logit,2.0,0.5376955903271693
malignant,nnunet_earlymid,random_removal,0.1,0.0769084874348032
malignant,nnunet_earlymid,random_removal,0.2,0.1507823613086771
malignant,nnunet_earlymid,random_removal,0.3,0.229208155523945
malignant,nnunet_earlymid,random_removal,0.4,0.3039355144618303
malignant,nnunet_earlymid,random_removal,0.5,0.3715030820293978
malignant,nnunet_earlymid,random_removal,0.6,0.4436699857752489
malignant,nnunet_earlymid,random_removal,0.7,0.5155523944997629
malignant,nnunet_earlymid,random_removal,0.8,0.5376955903271694
malignant,nnunet_earlymid,random_removal,0.9,0.5376955903271694
malignant,nnunet_earlymid,random_removal,1.0,0.5376955903271694
malignant,nnunet_earlymid,random_removal,1.2,0.5376955903271694
malignant,nnunet_earlymid,random_removal,1.4,0.5376955903271694
malignant,nnunet_earlymid,random_removal,1.6,0.5376955903271694
malignant,nnunet_earlymid,random_removal,1.8,0.5376955903271694
malignant,nnunet_earlymid,random_removal,2.0,0.5376955903271694
malignant,nnunet_mid,mean_normalized_entropy,0.1,0.1280227596017069
malignant,nnunet_mid,mean_normalized_entropy,0.2,0.2645803698435277
malignant,nnunet_mid,mean_normalized_entropy,0.3,0.3314366998577525
malignant,nnunet_mid,mean_normalized_entropy,0.4,0.3968705547652916
malignant,nnunet_mid,mean_normalized_entropy,0.5,0.422475106685633
malignant,nnunet_mid,mean_normalized_entropy,0.6,0.4452347083926031
malignant,nnunet_mid,mean_normalized_entropy,0.7,0.4679943100995732
malignant,nnunet_mid,mean_normalized_entropy,0.8,0.4893314366998577
malignant,nnunet_mid,mean_normalized_entropy,0.9,0.5163584637268848
malignant,nnunet_mid,mean_normalized_entropy,1.0,0.534850640113798
malignant,nnunet_mid,mean_normalized_entropy,1.2,0.5604551920341394
malignant,nnunet_mid,mean_normalized_entropy,1.4,0.5846372688477952
malignant,nnunet_mid,mean_normalized_entropy,1.6,0.5903271692745377
malignant,nnunet_mid,mean_normalized_entropy,1.8,0.5903271692745377
malignant,nnunet_mid,mean_normalized_entropy,2.0,0.5903271692745377
malignant,nnunet_mid,lguq,0.1,0.1465149359886202
malignant,nnunet_mid,lguq,0.2,0.2532005689900427
malignant,nnunet_mid,lguq,0.3,0.3243243243243243
malignant,nnunet_mid,lguq,0.4,0.3684210526315789
malignant,nnunet_mid,lguq,0.5,0.4125177809388335
malignant,nnunet_mid,lguq,0.6,0.4352773826458037
malignant,nnunet_mid,lguq,0.7,0.4566145092460882
malignant,nnunet_mid,lguq,0.8,0.4907539118065434
malignant,nnunet_mid,lguq,0.9,0.5064011379800853
malignant,nnunet_mid,lguq,1.0,0.5305832147937412
malignant,nnunet_mid,lguq,1.2,0.5689900426742532
malignant,nnunet_mid,lguq,1.4,0.5860597439544808
malignant,nnunet_mid,lguq,1.6,0.5903271692745377
malignant,nnunet_mid,lguq,1.8,0.5903271692745377
malignant,nnunet_mid,lguq,2.0,0.5903271692745377
malignant,nnunet_mid,metaseg,0.1,0.2005689900426742
malignant,nnunet_mid,metaseg,0.2,0.3143669985775248
malignant,nnunet_mid,metaseg,0.3,0.3783783783783784
malignant,nnunet_mid,metaseg,0.4,0.4182076813655761
malignant,nnunet_mid,metaseg,0.5,0.4480796586059744
malignant,nnunet_mid,metaseg,0.6,0.4637268847795163
malignant,nnunet_mid,metaseg,0.7,0.4807965860597439
malignant,nnunet_mid,metaseg,0.8,0.5092460881934566
malignant,nnunet_mid,metaseg,0.9,0.5234708392603129
malignant,nnunet_mid,metaseg,1.0,0.5405405405405406
malignant,nnunet_mid,metaseg,1.2,0.5647226173541963
malignant,nnunet_mid,metaseg,1.4,0.5832147937411095
malignant,nnunet_mid,metaseg,1.6,0.5903271692745377
malignant,nnunet_mid,metaseg,1.8,0.5903271692745377
malignant,nnunet_mid,metaseg,2.0,0.5903271692745377
malignant,nnunet_mid,standardized_max_logit,0.1,0.1735419630156472
malignant,nnunet_mid,standardized_max_logit,0.2,0.3143669985775248
malignant,nnunet_mid,standardized_max_logit,0.3,0.3712660028449502
malignant,nnunet_mid,standardized_max_logit,0.4,0.3954480796586059
malignant,nnunet_mid,standardized_max_logit,0.5,0.4253200568990042
malignant,nnunet_mid,standardized_max_logit,0.6,0.4580369843527738
malignant,nnunet_mid,standardized_max_logit,0.7,0.4822190611664296
malignant,nnunet_mid,standardized_max_logit,0.8,0.5064011379800853
malignant,nnunet_mid,standardized_max_logit,0.9,0.5206258890469416
malignant,nnunet_mid,standardized_max_logit,1.0,0.5391180654338549
malignant,nnunet_mid,standardized_max_logit,1.2,0.5647226173541963
malignant,nnunet_mid,standardized_max_logit,1.4,0.5846372688477952
malignant,nnunet_mid,standardized_max_logit,1.6,0.5903271692745377
malignant,nnunet_mid,standardized_max_logit,1.8,0.5903271692745377
malignant,nnunet_mid,standardized_max_logit,2.0,0.5903271692745377
malignant,nnunet_mid,random_removal,0.1,0.0480322427690848
malignant,nnunet_mid,random_removal,0.2,0.0894262683736368
malignant,nnunet_mid,random_removal,0.3,0.1305357989568515
malignant,nnunet_mid,random_removal,0.4,0.1712185870080607
malignant,nnunet_mid,random_removal,0.5,0.2109530583214793
malignant,nnunet_mid,random_removal,0.6,0.2504030346135609
malignant,nnunet_mid,random_removal,0.7,0.2898530109056424
malignant,nnunet_mid,random_removal,0.8,0.3295874822190611
malignant,nnunet_mid,random_removal,0.9,0.366145092460882
malignant,nnunet_mid,random_removal,1.0,0.4057373162636321
malignant,nnunet_mid,random_removal,1.2,0.482266477003319
malignant,nnunet_mid,random_removal,1.4,0.5571834992887624
malignant,nnunet_mid,random_removal,1.6,0.5903271692745377
malignant,nnunet_mid,random_removal,1.8,0.5903271692745377
malignant,nnunet_mid,random_removal,2.0,0.5903271692745377
malignant,nnunet_late,mean_normalized_entropy,0.1,0.2418207681365576
malignant,nnunet_late,mean_normalized_entropy,0.2,0.3655761024182077
malignant,nnunet_late,mean_normalized_entropy,0.3,0.4523470839260313
malignant,nnunet_late,mean_normalized_entropy,0.4,0.4935988620199146
malignant,nnunet_late,mean_normalized_entropy,0.5,0.519203413940256
malignant,nnunet_late,mean_normalized_entropy,0.6,0.5533428165007113
malignant,nnunet_late,mean_normalized_entropy,0.7,0.5590327169274538
malignant,nnunet_late,mean_normalized_entropy,0.8,0.561877667140825
malignant,nnunet_late,mean_normalized_entropy,0.9,0.561877667140825
malignant,nnunet_late,mean_normalized_entropy,1.0,0.561877667140825
malignant,nnunet_late,mean_normalized_entropy,1.2,0.561877667140825
malignant,nnunet_late,mean_normalized_entropy,1.4,0.561877667140825
malignant,nnunet_late,mean_normalized_entropy,1.6,0.561877667140825
malignant,nnunet_late,mean_normalized_entropy,1.8,0.561877667140825
malignant,nnunet_late,mean_normalized_entropy,2.0,0.561877667140825
malignant,nnunet_late,lguq,0.1,0.1948790896159317
malignant,nnunet_late,lguq,0.2,0.3328591749644381
malignant,nnunet_late,lguq,0.3,0.4281650071123755
malignant,nnunet_late,lguq,0.4,0.4822190611664296
malignant,nnunet_late,lguq,0.5,0.5177809388335705
malignant,nnunet_late,lguq,0.6,0.5419630156472262
malignant,nnunet_late,lguq,0.7,0.5590327169274538
malignant,nnunet_late,lguq,0.8,0.561877667140825
malignant,nnunet_late,lguq,0.9,0.561877667140825
malignant,nnunet_late,lguq,1.0,0.561877667140825
malignant,nnunet_late,lguq,1.2,0.561877667140825
malignant,nnunet_late,lguq,1.4,0.561877667140825
malignant,nnunet_late,lguq,1.6,0.561877667140825
malignant,nnunet_late,lguq,1.8,0.561877667140825
malignant,nnunet_late,lguq,2.0,0.561877667140825
malignant,nnunet_late,metaseg,0.1,0.2773826458036984
malignant,nnunet_late,metaseg,0.2,0.3982930298719772
malignant,nnunet_late,metaseg,0.3,0.4551920341394025
malignant,nnunet_late,metaseg,0.4,0.4978662873399715
malignant,nnunet_late,metaseg,0.5,0.5248933143669986
malignant,nnunet_late,metaseg,0.6,0.5462304409672831
malignant,nnunet_late,metaseg,0.7,0.5590327169274538
malignant,nnunet_late,metaseg,0.8,0.561877667140825
malignant,nnunet_late,metaseg,0.9,0.561877667140825
malignant,nnunet_late,metaseg,1.0,0.561877667140825
malignant,nnunet_late,metaseg,1.2,0.561877667140825
malignant,nnunet_late,metaseg,1.4,0.561877667140825
malignant,nnunet_late,metaseg,1.6,0.561877667140825
malignant,nnunet_late,metaseg,1.8,0.561877667140825
malignant,nnunet_late,metaseg,2.0,0.561877667140825
malignant,nnunet_late,standardized_max_logit,0.1,0.2873399715504978
malignant,nnunet_late,standardized_max_logit,0.2,0.3954480796586059
malignant,nnunet_late,standardized_max_logit,0.3,0.4779516358463727
malignant,nnunet_late,standardized_max_logit,0.4,0.5106685633001422
malignant,nnunet_late,standardized_max_logit,0.5,0.5334281650071123
malignant,nnunet_late,standardized_max_logit,0.6,0.55049786628734
malignant,nnunet_late,standardized_max_logit,0.7,0.5604551920341394
malignant,nnunet_late,standardized_max_logit,0.8,0.561877667140825
malignant,nnunet_late,standardized_max_logit,0.9,0.561877667140825
malignant,nnunet_late,standardized_max_logit,1.0,0.561877667140825
malignant,nnunet_late,standardized_max_logit,1.2,0.561877667140825
malignant,nnunet_late,standardized_max_logit,1.4,0.561877667140825
malignant,nnunet_late,standardized_max_logit,1.6,0.561877667140825
malignant,nnunet_late,standardized_max_logit,1.8,0.561877667140825
malignant,nnunet_late,standardized_max_logit,2.0,0.561877667140825
malignant,nnunet_late,random_removal,0.1,0.0807491702228544
malignant,nnunet_late,random_removal,0.2,0.1645803698435277
malignant,nnunet_late,random_removal,0.3,0.2396396396396396
malignant,nnunet_late,random_removal,0.4,0.3227596017069701
malignant,nnunet_late,random_removal,0.5,0.401090564248459
malignant,nnunet_late,random_removal,0.6,0.477619724988146
malignant,nnunet_late,random_removal,0.7,0.5524893314366998
malignant,nnunet_late,random_removal,0.8,0.561877667140825
malignant,nnunet_late,random_removal,0.9,0.561877667140825
malignant,nnunet_late,random_removal,1.0,0.561877667140825
malignant,nnunet_late,random_removal,1.2,0.561877667140825
malignant,nnunet_late,random_removal,1.4,0.561877667140825
malignant,nnunet_late,random_removal,1.6,0.561877667140825
malignant,nnunet_late,random_removal,1.8,0.561877667140825
malignant,nnunet_late,random_removal,2.0,0.561877667140825
malignant,nnunetcbam_single,mean_normalized_entropy,0.1,0.0953058321479374
malignant,nnunetcbam_single,mean_normalized_entropy,0.2,0.1792318634423897
malignant,nnunetcbam_single,mean_normalized_entropy,0.3,0.22475106685633
malignant,nnunetcbam_single,mean_normalized_entropy,0.4,0.278805120910384
malignant,nnunetcbam_single,mean_normalized_entropy,0.5,0.3300142247510668
malignant,nnunetcbam_single,mean_normalized_entropy,0.6,0.3854907539118065
malignant,nnunetcbam_single,mean_normalized_entropy,0.7,0.4253200568990042
malignant,nnunetcbam_single,mean_normalized_entropy,0.8,0.4594594594594595
malignant,nnunetcbam_single,mean_normalized_entropy,0.9,0.4779516358463727
malignant,nnunetcbam_single,mean_normalized_entropy,1.0,0.5007112375533428
malignant,nnunetcbam_single,mean_normalized_entropy,1.2,0.5462304409672831
malignant,nnunetcbam_single,mean_normalized_entropy,1.4,0.5689900426742532
malignant,nnunetcbam_single,mean_normalized_entropy,1.6,0.5874822190611664
malignant,nnunetcbam_single,mean_normalized_entropy,1.8,0.5903271692745377
malignant,nnunetcbam_single,mean_normalized_entropy,2.0,0.5903271692745377
malignant,nnunetcbam_single,lguq,0.1,0.0981507823613086
malignant,nnunetcbam_single,lguq,0.2,0.1963015647226173
malignant,nnunetcbam_single,lguq,0.3,0.2532005689900427
malignant,nnunetcbam_single,lguq,0.4,0.3086770981507823
malignant,nnunetcbam_single,lguq,0.5,0.3470839260312944
malignant,nnunetcbam_single,lguq,0.6,0.3997155049786628
malignant,nnunetcbam_single,lguq,0.7,0.4267425320056899
malignant,nnunetcbam_single,lguq,0.8,0.4566145092460882
malignant,nnunetcbam_single,lguq,0.9,0.4879089615931721
malignant,nnunetcbam_single,lguq,1.0,0.5049786628733998
malignant,nnunetcbam_single,lguq,1.2,0.5490753911806543
malignant,nnunetcbam_single,lguq,1.4,0.566145092460882
malignant,nnunetcbam_single,lguq,1.6,0.5874822190611664
malignant,nnunetcbam_single,lguq,1.8,0.5903271692745377
malignant,nnunetcbam_single,lguq,2.0,0.5903271692745377
malignant,nnunetcbam_single,metaseg,0.1,0.1678520625889047
malignant,nnunetcbam_single,metaseg,0.2,0.2460881934566145
malignant,nnunetcbam_single,metaseg,0.3,0.283072546230441
malignant,nnunetcbam_single,metaseg,0.4,0.3186344238975818
malignant,nnunetcbam_single,metaseg,0.5,0.3413940256045519
malignant,nnunetcbam_single,metaseg,0.6,0.4054054054054054
malignant,nnunetcbam_single,metaseg,0.7,0.4452347083926031
malignant,nnunetcbam_single,metaseg,0.8,0.4694167852062589
malignant,nnunetcbam_single,metaseg,0.9,0.4850640113798009
malignant,nnunetcbam_single,metaseg,1.0,0.5177809388335705
malignant,nnunetcbam_single,metaseg,1.2,0.5462304409672831
malignant,nnunetcbam_single,metaseg,1.4,0.5761024182076814
malignant,nnunetcbam_single,metaseg,1.6,0.5874822190611664
malignant,nnunetcbam_single,metaseg,1.8,0.5903271692745377
malignant,nnunetcbam_single,metaseg,2.0,0.5903271692745377
malignant,nnunetcbam_single,standardized_max_logit,0.1,0.1721194879089616
malignant,nnunetcbam_single,standardized_max_logit,0.2,0.2560455192034139
malignant,nnunetcbam_single,standardized_max_logit,0.3,0.3044096728307254
malignant,nnunetcbam_single,standardized_max_logit,0.4,0.3541963015647226
malignant,nnunetcbam_single,standardized_max_logit,0.5,0.3812233285917496
malignant,nnunetcbam_single,standardized_max_logit,0.6,0.4082503556187766
malignant,nnunetcbam_single,standardized_max_logit,0.7,0.4352773826458037
malignant,nnunetcbam_single,standardized_max_logit,0.8,0.4736842105263157
malignant,nnunetcbam_single,standardized_max_logit,0.9,0.492176386913229
malignant,nnunetcbam_single,standardized_max_logit,1.0,0.5135135135135135
malignant,nnunetcbam_single,standardized_max_logit,1.2,0.5533428165007113
malignant,nnunetcbam_single,standardized_max_logit,1.4,0.5761024182076814
malignant,nnunetcbam_single,standardized_max_logit,1.6,0.5889046941678521
malignant,nnunetcbam_single,standardized_max_logit,1.8,0.5903271692745377
malignant,nnunetcbam_single,standardized_max_logit,2.0,0.5903271692745377
malignant,nnunetcbam_single,random_removal,0.1,0.0373162636320531
malignant,nnunetcbam_single,random_removal,0.2,0.0735893788525367
malignant,nnunetcbam_single,random_removal,0.3,0.1092935040303461
malignant,nnunetcbam_single,random_removal,0.4,0.1482693219535324
malignant,nnunetcbam_single,random_removal,0.5,0.1859649122807017
malignant,nnunetcbam_single,random_removal,0.6,0.2231863442389758
malignant,nnunetcbam_single,random_removal,0.7,0.261782835467046
malignant,nnunetcbam_single,random_removal,0.8,0.2956851588430535
malignant,nnunetcbam_single,random_removal,0.9,0.3318634423897582
malignant,nnunetcbam_single,random_removal,1.0,0.3687529634898056
malignant,nnunetcbam_single,random_removal,1.2,0.4389758179231864
malignant,nnunetcbam_single,random_removal,1.4,0.5097676623992413
malignant,nnunetcbam_single,random_removal,1.6,0.5778568041725937
malignant,nnunetcbam_single,random_removal,1.8,0.5903271692745377
malignant,nnunetcbam_single,random_removal,2.0,0.5903271692745377
malignant,nnunetcbam_multidecoder,mean_normalized_entropy,0.1,0.0796586059743954
malignant,nnunetcbam_multidecoder,mean_normalized_entropy,0.2,0.2005689900426742
malignant,nnunetcbam_multidecoder,mean_normalized_entropy,0.3,0.2844950213371266
malignant,nnunetcbam_multidecoder,mean_normalized_entropy,0.4,0.3385490753911807
malignant,nnunetcbam_multidecoder,mean_normalized_entropy,0.5,0.4153627311522048
malignant,nnunetcbam_multidecoder,mean_normalized_entropy,0.6,0.4594594594594595
malignant,nnunetcbam_multidecoder,mean_normalized_entropy,0.7,0.4992887624466572
malignant,nnunetcbam_multidecoder,mean_normalized_entropy,0.8,0.5448079658605974
malignant,nnunetcbam_multidecoder,mean_normalized_entropy,0.9,0.5746799431009957
malignant,nnunetcbam_multidecoder,mean_normalized_entropy,1.0,0.5903271692745377
malignant,nnunetcbam_multidecoder,mean_normalized_entropy,1.2,0.6116642958748222
malignant,nnunetcbam_multidecoder,mean_normalized_entropy,1.4,0.6244665718349929
malignant,nnunetcbam_multidecoder,mean_normalized_entropy,1.6,0.6244665718349929
malignant,nnunetcbam_multidecoder,mean_normalized_entropy,1.8,0.6244665718349929
malignant,nnunetcbam_multidecoder,mean_normalized_entropy,2.0,0.6244665718349929
malignant,nnunetcbam_multidecoder,lguq,0.1,0.1137980085348506
malignant,nnunetcbam_multidecoder,lguq,0.2,0.2233285917496444
malignant,nnunetcbam_multidecoder,lguq,0.3,0.310099573257468
malignant,nnunetcbam_multidecoder,lguq,0.4,0.3982930298719772
malignant,nnunetcbam_multidecoder,lguq,0.5,0.4324324324324324
malignant,nnunetcbam_multidecoder,lguq,0.6,0.4736842105263157
malignant,nnunetcbam_multidecoder,lguq,0.7,0.5234708392603129
malignant,nnunetcbam_multidecoder,lguq,0.8,0.5405405405405406
malignant,nnunetcbam_multidecoder,lguq,0.9,0.5718349928876245
malignant,nnunetcbam_multidecoder,lguq,1.0,0.5889046941678521
malignant,nnunetcbam_multidecoder,lguq,1.2,0.6187766714082503
malignant,nnunetcbam_multidecoder,lguq,1.4,0.6244665718349929
malignant,nnunetcbam_multidecoder,lguq,1.6,0.6244665718349929
malignant,nnunetcbam_multidecoder,lguq,1.8,0.6244665718349929
malignant,nnunetcbam_multidecoder,lguq,2.0,0.6244665718349929
malignant,nnunetcbam_multidecoder,metaseg,0.1,0.1564722617354196
malignant,nnunetcbam_multidecoder,metaseg,0.2,0.2603129445234708
malignant,nnunetcbam_multidecoder,metaseg,0.3,0.3428165007112375
malignant,nnunetcbam_multidecoder,metaseg,0.4,0.4352773826458037
malignant,nnunetcbam_multidecoder,metaseg,0.5,0.4793741109530583
malignant,nnunetcbam_multidecoder,metaseg,0.6,0.5064011379800853
malignant,nnunetcbam_multidecoder,metaseg,0.7,0.5419630156472262
malignant,nnunetcbam_multidecoder,metaseg,0.8,0.5633001422475107
malignant,nnunetcbam_multidecoder,metaseg,0.9,0.577524893314367
malignant,nnunetcbam_multidecoder,metaseg,1.0,0.5917496443812233
malignant,nnunetcbam_multidecoder,metaseg,1.2,0.6216216216216216
malignant,nnunetcbam_multidecoder,metaseg,1.4,0.6244665718349929
malignant,nnunetcbam_multidecoder,metaseg,1.6,0.6244665718349929
malignant,nnunetcbam_multidecoder,metaseg,1.8,0.6244665718349929
malignant,nnunetcbam_multidecoder,metaseg,2.0,0.6244665718349929
malignant,nnunetcbam_multidecoder,standardized_max_logit,0.1,0.1891891891891892
malignant,nnunetcbam_multidecoder,standardized_max_logit,0.2,0.2816500711237553
malignant,nnunetcbam_multidecoder,standardized_max_logit,0.3,0.32574679943101
malignant,nnunetcbam_multidecoder,standardized_max_logit,0.4,0.3854907539118065
malignant,nnunetcbam_multidecoder,standardized_max_logit,0.5,0.4281650071123755
malignant,nnunetcbam_multidecoder,standardized_max_logit,0.6,0.4751066856330014
malignant,nnunetcbam_multidecoder,standardized_max_logit,0.7,0.5149359886201992
malignant,nnunetcbam_multidecoder,standardized_max_logit,0.8,0.5476529160739687
malignant,nnunetcbam_multidecoder,standardized_max_logit,0.9,0.5761024182076814
malignant,nnunetcbam_multidecoder,standardized_max_logit,1.0,0.6002844950213371
malignant,nnunetcbam_multidecoder,standardized_max_logit,1.2,0.6173541963015647
malignant,nnunetcbam_multidecoder,standardized_max_logit,1.4,0.6244665718349929
malignant,nnunetcbam_multidecoder,standardized_max_logit,1.6,0.6244665718349929
malignant,nnunetcbam_multidecoder,standardized_max_logit,1.8,0.6244665718349929
malignant,nnunetcbam_multidecoder,standardized_max_logit,2.0,0.6244665718349929
malignant,nnunetcbam_multidecoder,random_removal,0.1,0.0526789947842579
malignant,nnunetcbam_multidecoder,random_removal,0.2,0.1041251778093883
malignant,nnunetcbam_multidecoder,random_removal,0.3,0.1492176386913229
malignant,nnunetcbam_multidecoder,random_removal,0.4,0.2020388809862494
malignant,nnunetcbam_multidecoder,random_removal,0.5,0.2529634898055951
malignant,nnunetcbam_multidecoder,random_removal,0.6,0.3008060692271218
malignant,nnunetcbam_multidecoder,random_removal,0.7,0.3511616880037932
malignant,nnunetcbam_multidecoder,random_removal,0.8,0.4003319108582265
malignant,nnunetcbam_multidecoder,random_removal,0.9,0.4488383119962068
malignant,nnunetcbam_multidecoder,random_removal,1.0,0.4931721194879089
malignant,nnunetcbam_multidecoder,random_removal,1.2,0.5901849217638692
malignant,nnunetcbam_multidecoder,random_removal,1.4,0.624466571834993
malignant,nnunetcbam_multidecoder,random_removal,1.6,0.624466571834993
malignant,nnunetcbam_multidecoder,random_removal,1.8,0.624466571834993
malignant,nnunetcbam_multidecoder,random_removal,2.0,0.624466571834993
malignant,nnunetcbam_earlymid,mean_normalized_entropy,0.1,0.1209103840682788
malignant,nnunetcbam_earlymid,mean_normalized_entropy,0.2,0.2219061166429587
malignant,nnunetcbam_earlymid,mean_normalized_entropy,0.3,0.2972972972972973
malignant,nnunetcbam_earlymid,mean_normalized_entropy,0.4,0.364153627311522
malignant,nnunetcbam_earlymid,mean_normalized_entropy,0.5,0.4196301564722617
malignant,nnunetcbam_earlymid,mean_normalized_entropy,0.6,0.4679943100995732
malignant,nnunetcbam_earlymid,mean_normalized_entropy,0.7,0.5092460881934566
malignant,nnunetcbam_earlymid,mean_normalized_entropy,0.8,0.5320056899004267
malignant,nnunetcbam_earlymid,mean_normalized_entropy,0.9,0.5533428165007113
malignant,nnunetcbam_earlymid,mean_normalized_entropy,1.0,0.5689900426742532
malignant,nnunetcbam_earlymid,mean_normalized_entropy,1.2,0.5974395448079659
malignant,nnunetcbam_earlymid,mean_normalized_entropy,1.4,0.6187766714082503
malignant,nnunetcbam_earlymid,mean_normalized_entropy,1.6,0.6187766714082503
malignant,nnunetcbam_earlymid,mean_normalized_entropy,1.8,0.6187766714082503
malignant,nnunetcbam_earlymid,mean_normalized_entropy,2.0,0.6187766714082503
malignant,nnunetcbam_earlymid,lguq,0.1,0.139402560455192
malignant,nnunetcbam_earlymid,lguq,0.2,0.2261735419630156
malignant,nnunetcbam_earlymid,lguq,0.3,0.3513513513513513
malignant,nnunetcbam_earlymid,lguq,0.4,0.3997155049786628
malignant,nnunetcbam_earlymid,lguq,0.5,0.4509246088193456
malignant,nnunetcbam_earlymid,lguq,0.6,0.4907539118065434
malignant,nnunetcbam_earlymid,lguq,0.7,0.5064011379800853
malignant,nnunetcbam_earlymid,lguq,0.8,0.5376955903271693
malignant,nnunetcbam_earlymid,lguq,0.9,0.5576102418207681
malignant,nnunetcbam_earlymid,lguq,1.0,0.5718349928876245
malignant,nnunetcbam_earlymid,lguq,1.2,0.6059743954480796
malignant,nnunetcbam_earlymid,lguq,1.4,0.6187766714082503
malignant,nnunetcbam_earlymid,lguq,1.6,0.6187766714082503
malignant,nnunetcbam_earlymid,lguq,1.8,0.6187766714082503
malignant,nnunetcbam_earlymid,lguq,2.0,0.6187766714082503
malignant,nnunetcbam_earlymid,metaseg,0.1,0.209103840682788
malignant,nnunetcbam_earlymid,metaseg,0.2,0.321479374110953
malignant,nnunetcbam_earlymid,metaseg,0.3,0.3712660028449502
malignant,nnunetcbam_earlymid,metaseg,0.4,0.4409672830725462
malignant,nnunetcbam_earlymid,metaseg,0.5,0.4836415362731152
malignant,nnunetcbam_earlymid,metaseg,0.6,0.5064011379800853
malignant,nnunetcbam_earlymid,metaseg,0.7,0.5362731152204836
malignant,nnunetcbam_earlymid,metaseg,0.8,0.55049786628734
malignant,nnunetcbam_earlymid,metaseg,0.9,0.5689900426742532
malignant,nnunetcbam_earlymid,metaseg,1.0,0.5889046941678521
malignant,nnunetcbam_earlymid,metaseg,1.2,0.6073968705547653
malignant,nnunetcbam_earlymid,metaseg,1.4,0.6187766714082503
malignant,nnunetcbam_earlymid,metaseg,1.6,0.6187766714082503
malignant,nnunetcbam_earlymid,metaseg,1.8,0.6187766714082503
malignant,nnunetcbam_earlymid,metaseg,2.0,0.6187766714082503
malignant,nnunetcbam_earlymid,standardized_max_logit,0.1,0.2176386913229018
malignant,nnunetcbam_earlymid,standardized_max_logit,0.2,0.2958748221906117
malignant,nnunetcbam_earlymid,standardized_max_logit,0.3,0.3712660028449502
malignant,nnunetcbam_earlymid,standardized_max_logit,0.4,0.3997155049786628
malignant,nnunetcbam_earlymid,standardized_max_logit,0.5,0.4452347083926031
malignant,nnunetcbam_earlymid,standardized_max_logit,0.6,0.4722617354196302
malignant,nnunetcbam_earlymid,standardized_max_logit,0.7,0.5064011379800853
malignant,nnunetcbam_earlymid,standardized_max_logit,0.8,0.5391180654338549
malignant,nnunetcbam_earlymid,standardized_max_logit,0.9,0.5547652916073968
malignant,nnunetcbam_earlymid,standardized_max_logit,1.0,0.5732574679943101
malignant,nnunetcbam_earlymid,standardized_max_logit,1.2,0.5931721194879089
malignant,nnunetcbam_earlymid,standardized_max_logit,1.4,0.6187766714082503
malignant,nnunetcbam_earlymid,standardized_max_logit,1.6,0.6187766714082503
malignant,nnunetcbam_earlymid,standardized_max_logit,1.8,0.6187766714082503
malignant,nnunetcbam_earlymid,standardized_max_logit,2.0,0.6187766714082503
malignant,nnunetcbam_earlymid,random_removal,0.1,0.0504504504504504
malignant,nnunetcbam_earlymid,random_removal,0.2,0.0973921289710763
malignant,nnunetcbam_earlymid,random_removal,0.3,0.1411095305832148
malignant,nnunetcbam_earlymid,random_removal,0.4,0.1828354670459933
malignant,nnunetcbam_earlymid,random_removal,0.5,0.2271692745376956
malignant,nnunetcbam_earlymid,random_removal,0.6,0.2720720720720721
malignant,nnunetcbam_earlymid,random_removal,0.7,0.321479374110953
malignant,nnunetcbam_earlymid,random_removal,0.8,0.3665718349928876
malignant,nnunetcbam_earlymid,random_removal,0.9,0.4098150782361308
malignant,nnunetcbam_earlymid,random_removal,1.0,0.4576102418207681
malignant,nnunetcbam_earlymid,random_removal,1.2,0.5448553816974868
malignant,nnunetcbam_earlymid,random_removal,1.4,0.6187766714082502
malignant,nnunetcbam_earlymid,random_removal,1.6,0.6187766714082502
malignant,nnunetcbam_earlymid,random_removal,1.8,0.6187766714082502
malignant,nnunetcbam_earlymid,random_removal,2.0,0.6187766714082502
malignant,nnunetcbam_mid,mean_normalized_entropy,0.1,0.139402560455192
malignant,nnunetcbam_mid,mean_normalized_entropy,0.2,0.2418207681365576
malignant,nnunetcbam_mid,mean_normalized_entropy,0.3,0.32574679943101
malignant,nnunetcbam_mid,mean_normalized_entropy,0.4,0.4125177809388335
malignant,nnunetcbam_mid,mean_normalized_entropy,0.5,0.4566145092460882
malignant,nnunetcbam_mid,mean_normalized_entropy,0.6,0.4893314366998577
malignant,nnunetcbam_mid,mean_normalized_entropy,0.7,0.5120910384068279
malignant,nnunetcbam_mid,mean_normalized_entropy,0.8,0.5391180654338549
malignant,nnunetcbam_mid,mean_normalized_entropy,0.9,0.5561877667140825
malignant,nnunetcbam_mid,mean_normalized_entropy,1.0,0.5675675675675675
malignant,nnunetcbam_mid,mean_normalized_entropy,1.2,0.5846372688477952
malignant,nnunetcbam_mid,mean_normalized_entropy,1.4,0.5846372688477952
malignant,nnunetcbam_mid,mean_normalized_entropy,1.6,0.5846372688477952
malignant,nnunetcbam_mid,mean_normalized_entropy,1.8,0.5846372688477952
malignant,nnunetcbam_mid,mean_normalized_entropy,2.0,0.5846372688477952
malignant,nnunetcbam_mid,lguq,0.1,0.0924608819345661
malignant,nnunetcbam_mid,lguq,0.2,0.2019914651493599
malignant,nnunetcbam_mid,lguq,0.3,0.3172119487908961
malignant,nnunetcbam_mid,lguq,0.4,0.3897581792318634
malignant,nnunetcbam_mid,lguq,0.5,0.4267425320056899
malignant,nnunetcbam_mid,lguq,0.6,0.4836415362731152
malignant,nnunetcbam_mid,lguq,0.7,0.5078236130867709
malignant,nnunetcbam_mid,lguq,0.8,0.5305832147937412
malignant,nnunetcbam_mid,lguq,0.9,0.5533428165007113
malignant,nnunetcbam_mid,lguq,1.0,0.5647226173541963
malignant,nnunetcbam_mid,lguq,1.2,0.5846372688477952
malignant,nnunetcbam_mid,lguq,1.4,0.5846372688477952
malignant,nnunetcbam_mid,lguq,1.6,0.5846372688477952
malignant,nnunetcbam_mid,lguq,1.8,0.5846372688477952
malignant,nnunetcbam_mid,lguq,2.0,0.5846372688477952
malignant,nnunetcbam_mid,metaseg,0.1,0.1991465149359886
malignant,nnunetcbam_mid,metaseg,0.2,0.3428165007112375
malignant,nnunetcbam_mid,metaseg,0.3,0.4025604551920341
malignant,nnunetcbam_mid,metaseg,0.4,0.4423897581792319
malignant,nnunetcbam_mid,metaseg,0.5,0.4836415362731152
malignant,nnunetcbam_mid,metaseg,0.6,0.5092460881934566
malignant,nnunetcbam_mid,metaseg,0.7,0.5234708392603129
malignant,nnunetcbam_mid,metaseg,0.8,0.5305832147937412
malignant,nnunetcbam_mid,metaseg,0.9,0.5519203413940256
malignant,nnunetcbam_mid,metaseg,1.0,0.5633001422475107
malignant,nnunetcbam_mid,metaseg,1.2,0.5846372688477952
malignant,nnunetcbam_mid,metaseg,1.4,0.5846372688477952
malignant,nnunetcbam_mid,metaseg,1.6,0.5846372688477952
malignant,nnunetcbam_mid,metaseg,1.8,0.5846372688477952
malignant,nnunetcbam_mid,metaseg,2.0,0.5846372688477952
malignant,nnunetcbam_mid,standardized_max_logit,0.1,0.2688477951635846
malignant,nnunetcbam_mid,standardized_max_logit,0.2,0.3911806543385491
malignant,nnunetcbam_mid,standardized_max_logit,0.3,0.4210526315789473
malignant,nnunetcbam_mid,standardized_max_logit,0.4,0.4509246088193456
malignant,nnunetcbam_mid,standardized_max_logit,0.5,0.4736842105263157
malignant,nnunetcbam_mid,standardized_max_logit,0.6,0.4935988620199146
malignant,nnunetcbam_mid,standardized_max_logit,0.7,0.5305832147937412
malignant,nnunetcbam_mid,standardized_max_logit,0.8,0.5419630156472262
malignant,nnunetcbam_mid,standardized_max_logit,0.9,0.5590327169274538
malignant,nnunetcbam_mid,standardized_max_logit,1.0,0.5732574679943101
malignant,nnunetcbam_mid,standardized_max_logit,1.2,0.5846372688477952
malignant,nnunetcbam_mid,standardized_max_logit,1.4,0.5846372688477952
malignant,nnunetcbam_mid,standardized_max_logit,1.6,0.5846372688477952
malignant,nnunetcbam_mid,standardized_max_logit,1.8,0.5846372688477952
malignant,nnunetcbam_mid,standardized_max_logit,2.0,0.5846372688477952
malignant,nnunetcbam_mid,random_removal,0.1,0.0511142721669037
malignant,nnunetcbam_mid,random_removal,0.2,0.1026078710289236
malignant,nnunetcbam_mid,random_removal,0.3,0.1554291133238501
malignant,nnunetcbam_mid,random_removal,0.4,0.2055476529160739
malignant,nnunetcbam_mid,random_removal,0.5,0.2520625889046942
malignant,nnunetcbam_mid,random_removal,0.6,0.30099573257468
malignant,nnunetcbam_mid,random_removal,0.7,0.3493124703651019
malignant,nnunetcbam_mid,random_removal,0.8,0.397724039829303
malignant,nnunetcbam_mid,random_removal,0.9,0.4480796586059744
malignant,nnunetcbam_mid,random_removal,1.0,0.4991939307728781
malignant,nnunetcbam_mid,random_removal,1.2,0.5846372688477952
malignant,nnunetcbam_mid,random_removal,1.4,0.5846372688477952
malignant,nnunetcbam_mid,random_removal,1.6,0.5846372688477952
malignant,nnunetcbam_mid,random_removal,1.8,0.5846372688477952
malignant,nnunetcbam_mid,random_removal,2.0,0.5846372688477952
malignant,nnunetcbam_multihead,mean_normalized_entropy,0.1,0.139402560455192
malignant,nnunetcbam_multihead,mean_normalized_entropy,0.2,0.2958748221906117
malignant,nnunetcbam_multihead,mean_normalized_entropy,0.3,0.3812233285917496
malignant,nnunetcbam_multihead,mean_normalized_entropy,0.4,0.4238975817923186
malignant,nnunetcbam_multihead,mean_normalized_entropy,0.5,0.4793741109530583
malignant,nnunetcbam_multihead,mean_normalized_entropy,0.6,0.5220483641536273
malignant,nnunetcbam_multihead,mean_normalized_entropy,0.7,0.534850640113798
malignant,nnunetcbam_multihead,mean_normalized_entropy,0.8,0.5633001422475107
malignant,nnunetcbam_multihead,mean_normalized_entropy,0.9,0.5746799431009957
malignant,nnunetcbam_multihead,mean_normalized_entropy,1.0,0.5789473684210527
malignant,nnunetcbam_multihead,mean_normalized_entropy,1.2,0.5789473684210527
malignant,nnunetcbam_multihead,mean_normalized_entropy,1.4,0.5789473684210527
malignant,nnunetcbam_multihead,mean_normalized_entropy,1.6,0.5789473684210527
malignant,nnunetcbam_multihead,mean_normalized_entropy,1.8,0.5789473684210527
malignant,nnunetcbam_multihead,mean_normalized_entropy,2.0,0.5789473684210527
malignant,nnunetcbam_multihead,lguq,0.1,0.1322901849217638
malignant,nnunetcbam_multihead,lguq,0.2,0.2503556187766714
malignant,nnunetcbam_multihead,lguq,0.3,0.310099573257468
malignant,nnunetcbam_multihead,lguq,0.4,0.4267425320056899
malignant,nnunetcbam_multihead,lguq,0.5,0.4736842105263157
malignant,nnunetcbam_multihead,lguq,0.6,0.5021337126600285
malignant,nnunetcbam_multihead,lguq,0.7,0.5305832147937412
malignant,nnunetcbam_multihead,lguq,0.8,0.561877667140825
malignant,nnunetcbam_multihead,lguq,0.9,0.5718349928876245
malignant,nnunetcbam_multihead,lguq,1.0,0.5789473684210527
malignant,nnunetcbam_multihead,lguq,1.2,0.5789473684210527
malignant,nnunetcbam_multihead,lguq,1.4,0.5789473684210527
malignant,nnunetcbam_multihead,lguq,1.6,0.5789473684210527
malignant,nnunetcbam_multihead,lguq,1.8,0.5789473684210527
malignant,nnunetcbam_multihead,lguq,2.0,0.5789473684210527
malignant,nnunetcbam_multihead,metaseg,0.1,0.2019914651493599
malignant,nnunetcbam_multihead,metaseg,0.2,0.3157894736842105
malignant,nnunetcbam_multihead,metaseg,0.3,0.3940256045519203
malignant,nnunetcbam_multihead,metaseg,0.4,0.4722617354196302
malignant,nnunetcbam_multihead,metaseg,0.5,0.5064011379800853
malignant,nnunetcbam_multihead,metaseg,0.6,0.5248933143669986
malignant,nnunetcbam_multihead,metaseg,0.7,0.5419630156472262
malignant,nnunetcbam_multihead,metaseg,0.8,0.5604551920341394
malignant,nnunetcbam_multihead,metaseg,0.9,0.5746799431009957
malignant,nnunetcbam_multihead,metaseg,1.0,0.5789473684210527
malignant,nnunetcbam_multihead,metaseg,1.2,0.5789473684210527
malignant,nnunetcbam_multihead,metaseg,1.4,0.5789473684210527
malignant,nnunetcbam_multihead,metaseg,1.6,0.5789473684210527
malignant,nnunetcbam_multihead,metaseg,1.8,0.5789473684210527
malignant,nnunetcbam_multihead,metaseg,2.0,0.5789473684210527
malignant,nnunetcbam_multihead,standardized_max_logit,0.1,0.2532005689900427
malignant,nnunetcbam_multihead,standardized_max_logit,0.2,0.3684210526315789
malignant,nnunetcbam_multihead,standardized_max_logit,0.3,0.433854907539118
malignant,nnunetcbam_multihead,standardized_max_logit,0.4,0.4736842105263157
malignant,nnunetcbam_multihead,standardized_max_logit,0.5,0.4964438122332859
malignant,nnunetcbam_multihead,standardized_max_logit,0.6,0.5305832147937412
malignant,nnunetcbam_multihead,standardized_max_logit,0.7,0.5376955903271693
malignant,nnunetcbam_multihead,standardized_max_logit,0.8,0.5576102418207681
malignant,nnunetcbam_multihead,standardized_max_logit,0.9,0.577524893314367
malignant,nnunetcbam_multihead,standardized_max_logit,1.0,0.5789473684210527
malignant,nnunetcbam_multihead,standardized_max_logit,1.2,0.5789473684210527
malignant,nnunetcbam_multihead,standardized_max_logit,1.4,0.5789473684210527
malignant,nnunetcbam_multihead,standardized_max_logit,1.6,0.5789473684210527
malignant,nnunetcbam_multihead,standardized_max_logit,1.8,0.5789473684210527
malignant,nnunetcbam_multihead,standardized_max_logit,2.0,0.5789473684210527
malignant,nnunetcbam_multihead,random_removal,0.1,0.0616880037932669
malignant,nnunetcbam_multihead,random_removal,0.2,0.125841631104789
malignant,nnunetcbam_multihead,random_removal,0.3,0.1845424371740161
malignant,nnunetcbam_multihead,random_removal,0.4,0.2446657183499288
malignant,nnunetcbam_multihead,random_removal,0.5,0.3094357515410147
malignant,nnunetcbam_multihead,random_removal,0.6,0.3756282598387861
malignant,nnunetcbam_multihead,random_removal,0.7,0.4376481744902797
malignant,nnunetcbam_multihead,random_removal,0.8,0.498103366524419
malignant,nnunetcbam_multihead,random_removal,0.9,0.5553816974869606
malignant,nnunetcbam_multihead,random_removal,1.0,0.5789473684210527
malignant,nnunetcbam_multihead,random_removal,1.2,0.5789473684210527
malignant,nnunetcbam_multihead,random_removal,1.4,0.5789473684210527
malignant,nnunetcbam_multihead,random_removal,1.6,0.5789473684210527
malignant,nnunetcbam_multihead,random_removal,1.8,0.5789473684210527
malignant,nnunetcbam_multihead,random_removal,2.0,0.5789473684210527
malignant,segformer_single,mean_normalized_entropy,0.1,0.3271692745376955
malignant,segformer_single,mean_normalized_entropy,0.2,0.4623044096728307
malignant,segformer_single,mean_normalized_entropy,0.3,0.5092460881934566
malignant,segformer_single,mean_normalized_entropy,0.4,0.5533428165007113
malignant,segformer_single,mean_normalized_entropy,0.5,0.5832147937411095
malignant,segformer_single,mean_normalized_entropy,0.6,0.5945945945945946
malignant,segformer_single,mean_normalized_entropy,0.7,0.615931721194879
malignant,segformer_single,mean_normalized_entropy,0.8,0.6372688477951636
malignant,segformer_single,mean_normalized_entropy,0.9,0.6372688477951636
malignant,segformer_single,mean_normalized_entropy,1.0,0.6372688477951636
malignant,segformer_single,mean_normalized_entropy,1.2,0.6372688477951636
malignant,segformer_single,mean_normalized_entropy,1.4,0.6372688477951636
malignant,segformer_single,mean_normalized_entropy,1.6,0.6372688477951636
malignant,segformer_single,mean_normalized_entropy,1.8,0.6372688477951636
malignant,segformer_single,mean_normalized_entropy,2.0,0.6372688477951636
malignant,segformer_single,lguq,0.1,0.3058321479374111
malignant,segformer_single,lguq,0.2,0.4281650071123755
malignant,segformer_single,lguq,0.3,0.5007112375533428
malignant,segformer_single,lguq,0.4,0.55049786628734
malignant,segformer_single,lguq,0.5,0.577524893314367
malignant,segformer_single,lguq,0.6,0.5974395448079659
malignant,segformer_single,lguq,0.7,0.6173541963015647
malignant,segformer_single,lguq,0.8,0.635846372688478
malignant,segformer_single,lguq,0.9,0.6372688477951636
malignant,segformer_single,lguq,1.0,0.6372688477951636
malignant,segformer_single,lguq,1.2,0.6372688477951636
malignant,segformer_single,lguq,1.4,0.6372688477951636
malignant,segformer_single,lguq,1.6,0.6372688477951636
malignant,segformer_single,lguq,1.8,0.6372688477951636
malignant,segformer_single,lguq,2.0,0.6372688477951636
malignant,segformer_single,metaseg,0.1,0.2958748221906117
malignant,segformer_single,metaseg,0.2,0.4423897581792319
malignant,segformer_single,metaseg,0.3,0.4964438122332859
malignant,segformer_single,metaseg,0.4,0.5576102418207681
malignant,segformer_single,metaseg,0.5,0.5874822190611664
malignant,segformer_single,metaseg,0.6,0.6002844950213371
malignant,segformer_single,metaseg,0.7,0.615931721194879
malignant,segformer_single,metaseg,0.8,0.6372688477951636
malignant,segformer_single,metaseg,0.9,0.6372688477951636
malignant,segformer_single,metaseg,1.0,0.6372688477951636
malignant,segformer_single,metaseg,1.2,0.6372688477951636
malignant,segformer_single,metaseg,1.4,0.6372688477951636
malignant,segformer_single,metaseg,1.6,0.6372688477951636
malignant,segformer_single,metaseg,1.8,0.6372688477951636
malignant,segformer_single,metaseg,2.0,0.6372688477951636
malignant,segformer_single,standardized_max_logit,0.1,0.3613086770981508
malignant,segformer_single,standardized_max_logit,0.2,0.4679943100995732
malignant,segformer_single,standardized_max_logit,0.3,0.5177809388335705
malignant,segformer_single,standardized_max_logit,0.4,0.5419630156472262
malignant,segformer_single,standardized_max_logit,0.5,0.5604551920341394
malignant,segformer_single,standardized_max_logit,0.6,0.6017069701280228
malignant,segformer_single,standardized_max_logit,0.7,0.6187766714082503
malignant,segformer_single,standardized_max_logit,0.8,0.635846372688478
malignant,segformer_single,standardized_max_logit,0.9,0.6372688477951636
malignant,segformer_single,standardized_max_logit,1.0,0.6372688477951636
malignant,segformer_single,standardized_max_logit,1.2,0.6372688477951636
malignant,segformer_single,standardized_max_logit,1.4,0.6372688477951636
malignant,segformer_single,standardized_max_logit,1.6,0.6372688477951636
malignant,segformer_single,standardized_max_logit,1.8,0.6372688477951636
malignant,segformer_single,standardized_max_logit,2.0,0.6372688477951636
malignant,segformer_single,random_removal,0.1,0.0795637743006163
malignant,segformer_single,random_removal,0.2,0.1631104788999526
malignant,segformer_single,random_removal,0.3,0.2431484115694641
malignant,segformer_single,random_removal,0.4,0.3251778093883357
malignant,segformer_single,random_removal,0.5,0.4022285443338075
malignant,segformer_single,random_removal,0.6,0.4799905168326221
malignant,segformer_single,random_removal,0.7,0.5594594594594594
malignant,segformer_single,random_removal,0.8,0.632764343290659
malignant,segformer_single,random_removal,0.9,0.6372688477951634
malignant,segformer_single,random_removal,1.0,0.6372688477951634
malignant,segformer_single,random_removal,1.2,0.6372688477951634
malignant,segformer_single,random_removal,1.4,0.6372688477951634
malignant,segformer_single,random_removal,1.6,0.6372688477951634
malignant,segformer_single,random_removal,1.8,0.6372688477951634
malignant,segformer_single,random_removal,2.0,0.6372688477951634
malignant,segformer_early,mean_normalized_entropy,0.1,0.3669985775248933
malignant,segformer_early,mean_normalized_entropy,0.2,0.4779516358463727
malignant,segformer_early,mean_normalized_entropy,0.3,0.5220483641536273
malignant,segformer_early,mean_normalized_entropy,0.4,0.5547652916073968
malignant,segformer_early,mean_normalized_entropy,0.5,0.5789473684210527
malignant,segformer_early,mean_normalized_entropy,0.6,0.615931721194879
malignant,segformer_early,mean_normalized_entropy,0.7,0.6230440967283073
malignant,segformer_early,mean_normalized_entropy,0.8,0.6230440967283073
malignant,segformer_early,mean_normalized_entropy,0.9,0.6230440967283073
malignant,segformer_early,mean_normalized_entropy,1.0,0.6230440967283073
malignant,segformer_early,mean_normalized_entropy,1.2,0.6230440967283073
malignant,segformer_early,mean_normalized_entropy,1.4,0.6230440967283073
malignant,segformer_early,mean_normalized_entropy,1.6,0.6230440967283073
malignant,segformer_early,mean_normalized_entropy,1.8,0.6230440967283073
malignant,segformer_early,mean_normalized_entropy,2.0,0.6230440967283073
malignant,segformer_early,lguq,0.1,0.3399715504978663
malignant,segformer_early,lguq,0.2,0.4409672830725462
malignant,segformer_early,lguq,0.3,0.5177809388335705
malignant,segformer_early,lguq,0.4,0.5604551920341394
malignant,segformer_early,lguq,0.5,0.5874822190611664
malignant,segformer_early,lguq,0.6,0.6059743954480796
malignant,segformer_early,lguq,0.7,0.620199146514936
malignant,segformer_early,lguq,0.8,0.6230440967283073
malignant,segformer_early,lguq,0.9,0.6230440967283073
malignant,segformer_early,lguq,1.0,0.6230440967283073
malignant,segformer_early,lguq,1.2,0.6230440967283073
malignant,segformer_early,lguq,1.4,0.6230440967283073
malignant,segformer_early,lguq,1.6,0.6230440967283073
malignant,segformer_early,lguq,1.8,0.6230440967283073
malignant,segformer_early,lguq,2.0,0.6230440967283073
malignant,segformer_early,metaseg,0.1,0.3741109530583215
malignant,segformer_early,metaseg,0.2,0.4708392603129445
malignant,segformer_early,metaseg,0.3,0.5206258890469416
malignant,segformer_early,metaseg,0.4,0.566145092460882
malignant,segformer_early,metaseg,0.5,0.5832147937411095
malignant,segformer_early,metaseg,0.6,0.6116642958748222
malignant,segformer_early,metaseg,0.7,0.6216216216216216
malignant,segformer_early,metaseg,0.8,0.6230440967283073
malignant,segformer_early,metaseg,0.9,0.6230440967283073
malignant,segformer_early,metaseg,1.0,0.6230440967283073
malignant,segformer_early,metaseg,1.2,0.6230440967283073
malignant,segformer_early,metaseg,1.4,0.6230440967283073
malignant,segformer_early,metaseg,1.6,0.6230440967283073
malignant,segformer_early,metaseg,1.8,0.6230440967283073
malignant,segformer_early,metaseg,2.0,0.6230440967283073
malignant,segformer_early,standardized_max_logit,0.1,0.406827880512091
malignant,segformer_early,standardized_max_logit,0.2,0.4679943100995732
malignant,segformer_early,standardized_max_logit,0.3,0.5049786628733998
malignant,segformer_early,standardized_max_logit,0.4,0.5334281650071123
malignant,segformer_early,standardized_max_logit,0.5,0.5675675675675675
malignant,segformer_early,standardized_max_logit,0.6,0.5960170697012802
malignant,segformer_early,standardized_max_logit,0.7,0.6216216216216216
malignant,segformer_early,standardized_max_logit,0.8,0.6230440967283073
malignant,segformer_early,standardized_max_logit,0.9,0.6230440967283073
malignant,segformer_early,standardized_max_logit,1.0,0.6230440967283073
malignant,segformer_early,standardized_max_logit,1.2,0.6230440967283073
malignant,segformer_early,standardized_max_logit,1.4,0.6230440967283073
malignant,segformer_early,standardized_max_logit,1.6,0.6230440967283073
malignant,segformer_early,standardized_max_logit,1.8,0.6230440967283073
malignant,segformer_early,standardized_max_logit,2.0,0.6230440967283073
malignant,segformer_early,random_removal,0.1,0.0869132290184921
malignant,segformer_early,random_removal,0.2,0.1788525367472736
malignant,segformer_early,random_removal,0.3,0.2624466571834993
malignant,segformer_early,random_removal,0.4,0.3577050734945472
malignant,segformer_early,random_removal,0.5,0.4463726884779516
malignant,segformer_early,random_removal,0.6,0.5287339971550499
malignant,segformer_early,random_removal,0.7,0.6173541963015649
malignant,segformer_early,random_removal,0.8,0.6230440967283073
malignant,segformer_early,random_removal,0.9,0.6230440967283073
malignant,segformer_early,random_removal,1.0,0.6230440967283073
malignant,segformer_early,random_removal,1.2,0.6230440967283073
malignant,segformer_early,random_removal,1.4,0.6230440967283073
malignant,segformer_early,random_removal,1.6,0.6230440967283073
malignant,segformer_early,random_removal,1.8,0.6230440967283073
malignant,segformer_early,random_removal,2.0,0.6230440967283073
malignant,segformer_mid,mean_normalized_entropy,0.1,0.3385490753911807
malignant,segformer_mid,mean_normalized_entropy,0.2,0.465149359886202
malignant,segformer_mid,mean_normalized_entropy,0.3,0.5320056899004267
malignant,segformer_mid,mean_normalized_entropy,0.4,0.577524893314367
malignant,segformer_mid,mean_normalized_entropy,0.5,0.6130867709815079
malignant,segformer_mid,mean_normalized_entropy,0.6,0.6401137980085349
malignant,segformer_mid,mean_normalized_entropy,0.7,0.6500711237553343
malignant,segformer_mid,mean_normalized_entropy,0.8,0.6685633001422475
malignant,segformer_mid,mean_normalized_entropy,0.9,0.6756756756756757
malignant,segformer_mid,mean_normalized_entropy,1.0,0.689900426742532
malignant,segformer_mid,mean_normalized_entropy,1.2,0.689900426742532
malignant,segformer_mid,mean_normalized_entropy,1.4,0.689900426742532
malignant,segformer_mid,mean_normalized_entropy,1.6,0.689900426742532
malignant,segformer_mid,mean_normalized_entropy,1.8,0.689900426742532
malignant,segformer_mid,mean_normalized_entropy,2.0,0.689900426742532
malignant,segformer_mid,lguq,0.1,0.283072546230441
malignant,segformer_mid,lguq,0.2,0.44950213371266
malignant,segformer_mid,lguq,0.3,0.5163584637268848
malignant,segformer_mid,lguq,0.4,0.5860597439544808
malignant,segformer_mid,lguq,0.5,0.6116642958748222
malignant,segformer_mid,lguq,0.6,0.6443812233285917
malignant,segformer_mid,lguq,0.7,0.6614509246088194
malignant,segformer_mid,lguq,0.8,0.6699857752489331
malignant,segformer_mid,lguq,0.9,0.6870554765291608
malignant,segformer_mid,lguq,1.0,0.689900426742532
malignant,segformer_mid,lguq,1.2,0.689900426742532
malignant,segformer_mid,lguq,1.4,0.689900426742532
malignant,segformer_mid,lguq,1.6,0.689900426742532
malignant,segformer_mid,lguq,1.8,0.689900426742532
malignant,segformer_mid,lguq,2.0,0.689900426742532
malignant,segformer_mid,metaseg,0.1,0.3556187766714082
malignant,segformer_mid,metaseg,0.2,0.4665718349928876
malignant,segformer_mid,metaseg,0.3,0.5234708392603129
malignant,segformer_mid,metaseg,0.4,0.5817923186344239
malignant,segformer_mid,metaseg,0.5,0.6088193456614509
malignant,segformer_mid,metaseg,0.6,0.6415362731152204
malignant,segformer_mid,metaseg,0.7,0.6586059743954481
malignant,segformer_mid,metaseg,0.8,0.6657183499288762
malignant,segformer_mid,metaseg,0.9,0.6770981507823614
malignant,segformer_mid,metaseg,1.0,0.689900426742532
malignant,segformer_mid,metaseg,1.2,0.689900426742532
malignant,segformer_mid,metaseg,1.4,0.689900426742532
malignant,segformer_mid,metaseg,1.6,0.689900426742532
malignant,segformer_mid,metaseg,1.8,0.689900426742532
malignant,segformer_mid,metaseg,2.0,0.689900426742532
malignant,segformer_mid,standardized_max_logit,0.1,0.4025604551920341
malignant,segformer_mid,standardized_max_logit,0.2,0.4836415362731152
malignant,segformer_mid,standardized_max_logit,0.3,0.519203413940256
malignant,segformer_mid,standardized_max_logit,0.4,0.5604551920341394
malignant,segformer_mid,standardized_max_logit,0.5,0.5832147937411095
malignant,segformer_mid,standardized_max_logit,0.6,0.6002844950213371
malignant,segformer_mid,standardized_max_logit,0.7,0.6344238975817923
malignant,segformer_mid,standardized_max_logit,0.8,0.6543385490753911
malignant,segformer_mid,standardized_max_logit,0.9,0.6756756756756757
malignant,segformer_mid,standardized_max_logit,1.0,0.689900426742532
malignant,segformer_mid,standardized_max_logit,1.2,0.689900426742532
malignant,segformer_mid,standardized_max_logit,1.4,0.689900426742532
malignant,segformer_mid,standardized_max_logit,1.6,0.689900426742532
malignant,segformer_mid,standardized_max_logit,1.8,0.689900426742532
malignant,segformer_mid,standardized_max_logit,2.0,0.689900426742532
malignant,segformer_mid,random_removal,0.1,0.0772878141299193
malignant,segformer_mid,random_removal,0.2,0.1509246088193456
malignant,segformer_mid,random_removal,0.3,0.2240398293029872
malignant,segformer_mid,random_removal,0.4,0.3043148411569464
malignant,segformer_mid,random_removal,0.5,0.3752963489805596
malignant,segformer_mid,random_removal,0.6,0.4449027975343765
malignant,segformer_mid,random_removal,0.7,0.5243243243243243
malignant,segformer_mid,random_removal,0.8,0.5936936936936937
malignant,segformer_mid,random_removal,0.9,0.6588904694167851
malignant,segformer_mid,random_removal,1.0,0.6899004267425322
malignant,segformer_mid,random_removal,1.2,0.6899004267425322
malignant,segformer_mid,random_removal,1.4,0.6899004267425322
malignant,segformer_mid,random_removal,1.6,0.6899004267425322
malignant,segformer_mid,random_removal,1.8,0.6899004267425322
malignant,segformer_mid,random_removal,2.0,0.6899004267425322
malignant,segformer_late,mean_normalized_entropy,0.1,0.3627311522048364
malignant,segformer_late,mean_normalized_entropy,0.2,0.4807965860597439
malignant,segformer_late,mean_normalized_entropy,0.3,0.5234708392603129
malignant,segformer_late,mean_normalized_entropy,0.4,0.566145092460882
malignant,segformer_late,mean_normalized_entropy,0.5,0.5988620199146515
malignant,segformer_late,mean_normalized_entropy,0.6,0.6130867709815079
malignant,segformer_late,mean_normalized_entropy,0.7,0.6330014224751067
malignant,segformer_late,mean_normalized_entropy,0.8,0.6330014224751067
malignant,segformer_late,mean_normalized_entropy,0.9,0.6330014224751067
malignant,segformer_late,mean_normalized_entropy,1.0,0.6330014224751067
malignant,segformer_late,mean_normalized_entropy,1.2,0.6330014224751067
malignant,segformer_late,mean_normalized_entropy,1.4,0.6330014224751067
malignant,segformer_late,mean_normalized_entropy,1.6,0.6330014224751067
malignant,segformer_late,mean_normalized_entropy,1.8,0.6330014224751067
malignant,segformer_late,mean_normalized_entropy,2.0,0.6330014224751067
malignant,segformer_late,lguq,0.1,0.3627311522048364
malignant,segformer_late,lguq,0.2,0.476529160739687
malignant,segformer_late,lguq,0.3,0.5263157894736842
malignant,segformer_late,lguq,0.4,0.5746799431009957
malignant,segformer_late,lguq,0.5,0.6017069701280228
malignant,segformer_late,lguq,0.6,0.6287339971550497
malignant,segformer_late,lguq,0.7,0.6330014224751067
malignant,segformer_late,lguq,0.8,0.6330014224751067
malignant,segformer_late,lguq,0.9,0.6330014224751067
malignant,segformer_late,lguq,1.0,0.6330014224751067
malignant,segformer_late,lguq,1.2,0.6330014224751067
malignant,segformer_late,lguq,1.4,0.6330014224751067
malignant,segformer_late,lguq,1.6,0.6330014224751067
malignant,segformer_late,lguq,1.8,0.6330014224751067
malignant,segformer_late,lguq,2.0,0.6330014224751067
malignant,segformer_late,metaseg,0.1,0.3556187766714082
malignant,segformer_late,metaseg,0.2,0.4793741109530583
malignant,segformer_late,metaseg,0.3,0.5263157894736842
malignant,segformer_late,metaseg,0.4,0.5704125177809388
malignant,segformer_late,metaseg,0.5,0.5931721194879089
malignant,segformer_late,metaseg,0.6,0.6230440967283073
malignant,segformer_late,metaseg,0.7,0.6330014224751067
malignant,segformer_late,metaseg,0.8,0.6330014224751067
malignant,segformer_late,metaseg,0.9,0.6330014224751067
malignant,segformer_late,metaseg,1.0,0.6330014224751067
malignant,segformer_late,metaseg,1.2,0.6330014224751067
malignant,segformer_late,metaseg,1.4,0.6330014224751067
malignant,segformer_late,metaseg,1.6,0.6330014224751067
malignant,segformer_late,metaseg,1.8,0.6330014224751067
malignant,segformer_late,metaseg,2.0,0.6330014224751067
malignant,segformer_late,standardized_max_logit,0.1,0.3769559032716927
malignant,segformer_late,standardized_max_logit,0.2,0.4694167852062589
malignant,segformer_late,standardized_max_logit,0.3,0.5078236130867709
malignant,segformer_late,standardized_max_logit,0.4,0.5391180654338549
malignant,segformer_late,standardized_max_logit,0.5,0.577524893314367
malignant,segformer_late,standardized_max_logit,0.6,0.6073968705547653
malignant,segformer_late,standardized_max_logit,0.7,0.6330014224751067
malignant,segformer_late,standardized_max_logit,0.8,0.6330014224751067
malignant,segformer_late,standardized_max_logit,0.9,0.6330014224751067
malignant,segformer_late,standardized_max_logit,1.0,0.6330014224751067
malignant,segformer_late,standardized_max_logit,1.2,0.6330014224751067
malignant,segformer_late,standardized_max_logit,1.4,0.6330014224751067
malignant,segformer_late,standardized_max_logit,1.6,0.6330014224751067
malignant,segformer_late,standardized_max_logit,1.8,0.6330014224751067
malignant,segformer_late,standardized_max_logit,2.0,0.6330014224751067
malignant,segformer_late,random_removal,0.1,0.0989568515884305
malignant,segformer_late,random_removal,0.2,0.1919393077287814
malignant,segformer_late,random_removal,0.3,0.2935514461830251
malignant,segformer_late,random_removal,0.4,0.3960644855381697
malignant,segformer_late,random_removal,0.5,0.4941678520625888
malignant,segformer_late,random_removal,0.6,0.5954954954954955
malignant,segformer_late,random_removal,0.7,0.6330014224751069
malignant,segformer_late,random_removal,0.8,0.6330014224751069
malignant,segformer_late,random_removal,0.9,0.6330014224751069
malignant,segformer_late,random_removal,1.0,0.6330014224751069
malignant,segformer_late,random_removal,1.2,0.6330014224751069
malignant,segformer_late,random_removal,1.4,0.6330014224751069
malignant,segformer_late,random_removal,1.6,0.6330014224751069
malignant,segformer_late,random_removal,1.8,0.6330014224751069
malignant,segformer_late,random_removal,2.0,0.6330014224751069
benign,nnunet_single,mean_normalized_entropy,0.1,0.2475806451612903
benign,nnunet_single,mean_normalized_entropy,0.2,0.3395161290322581
benign,nnunet_single,mean_normalized_entropy,0.3,0.3661290322580645
benign,nnunet_single,mean_normalized_entropy,0.4,0.407258064516129
benign,nnunet_single,mean_normalized_entropy,0.5,0.4290322580645161
benign,nnunet_single,mean_normalized_entropy,0.6,0.4620967741935484
benign,nnunet_single,mean_normalized_entropy,0.7,0.4790322580645161
benign,nnunet_single,mean_normalized_entropy,0.8,0.489516129032258
benign,nnunet_single,mean_normalized_entropy,0.9,0.4951612903225806
benign,nnunet_single,mean_normalized_entropy,1.0,0.5016129032258064
benign,nnunet_single,mean_normalized_entropy,1.2,0.5016129032258064
benign,nnunet_single,mean_normalized_entropy,1.4,0.5016129032258064
benign,nnunet_single,mean_normalized_entropy,1.6,0.5016129032258064
benign,nnunet_single,mean_normalized_entropy,1.8,0.5016129032258064
benign,nnunet_single,mean_normalized_entropy,2.0,0.5016129032258064
benign,nnunet_single,lguq,0.1,0.1935483870967742
benign,nnunet_single,lguq,0.2,0.2967741935483871
benign,nnunet_single,lguq,0.3,0.3701612903225806
benign,nnunet_single,lguq,0.4,0.4120967741935484
benign,nnunet_single,lguq,0.5,0.4370967741935483
benign,nnunet_single,lguq,0.6,0.4580645161290322
benign,nnunet_single,lguq,0.7,0.4758064516129032
benign,nnunet_single,lguq,0.8,0.489516129032258
benign,nnunet_single,lguq,0.9,0.4935483870967742
benign,nnunet_single,lguq,1.0,0.5
benign,nnunet_single,lguq,1.2,0.5016129032258064
benign,nnunet_single,lguq,1.4,0.5016129032258064
benign,nnunet_single,lguq,1.6,0.5016129032258064
benign,nnunet_single,lguq,1.8,0.5016129032258064
benign,nnunet_single,lguq,2.0,0.5016129032258064
benign,nnunet_single,metaseg,0.1,0.2354838709677419
benign,nnunet_single,metaseg,0.2,0.3282258064516129
benign,nnunet_single,metaseg,0.3,0.3669354838709677
benign,nnunet_single,metaseg,0.4,0.414516129032258
benign,nnunet_single,metaseg,0.5,0.4330645161290322
benign,nnunet_single,metaseg,0.6,0.4588709677419355
benign,nnunet_single,metaseg,0.7,0.4709677419354838
benign,nnunet_single,metaseg,0.8,0.489516129032258
benign,nnunet_single,metaseg,0.9,0.4975806451612903
benign,nnunet_single,metaseg,1.0,0.5008064516129033
benign,nnunet_single,metaseg,1.2,0.5016129032258064
benign,nnunet_single,metaseg,1.4,0.5016129032258064
benign,nnunet_single,metaseg,1.6,0.5016129032258064
benign,nnunet_single,metaseg,1.8,0.5016129032258064
benign,nnunet_single,metaseg,2.0,0.5016129032258064
benign,nnunet_single,standardized_max_logit,0.1,0.2459677419354838
benign,nnunet_single,standardized_max_logit,0.2,0.3137096774193548
benign,nnunet_single,standardized_max_logit,0.3,0.3427419354838709
benign,nnunet_single,standardized_max_logit,0.4,0.3741935483870968
benign,nnunet_single,standardized_max_logit,0.5,0.3975806451612903
benign,nnunet_single,standardized_max_logit,0.6,0.4258064516129032
benign,nnunet_single,standardized_max_logit,0.7,0.4548387096774193
benign,nnunet_single,standardized_max_logit,0.8,0.4693548387096774
benign,nnunet_single,standardized_max_logit,0.9,0.4879032258064516
benign,nnunet_single,standardized_max_logit,1.0,0.5
benign,nnunet_single,standardized_max_logit,1.2,0.5016129032258064
benign,nnunet_single,standardized_max_logit,1.4,0.5016129032258064
benign,nnunet_single,standardized_max_logit,1.6,0.5016129032258064
benign,nnunet_single,standardized_max_logit,1.8,0.5016129032258064
benign,nnunet_single,standardized_max_logit,2.0,0.5016129032258064
benign,nnunet_single,random_removal,0.1,0.0512903225806451
benign,nnunet_single,random_removal,0.2,0.103763440860215
benign,nnunet_single,random_removal,0.3,0.1510752688172043
benign,nnunet_single,random_removal,0.4,0.1975537634408602
benign,nnunet_single,random_removal,0.5,0.2454838709677419
benign,nnunet_single,random_removal,0.6,0.2916129032258064
benign,nnunet_single,random_removal,0.7,0.3373387096774193
benign,nnunet_single,random_removal,0.8,0.3847311827956989
benign,nnunet_single,random_removal,0.9,0.4271505376344086
benign,nnunet_single,random_removal,1.0,0.472231182795699
benign,nnunet_single,random_removal,1.2,0.5016129032258065
benign,nnunet_single,random_removal,1.4,0.5016129032258065
benign,nnunet_single,random_removal,1.6,0.5016129032258065
benign,nnunet_single,random_removal,1.8,0.5016129032258065
benign,nnunet_single,random_removal,2.0,0.5016129032258065
benign,nnunet_early,mean_normalized_entropy,0.1,0.2177419354838709
benign,nnunet_early,mean_normalized_entropy,0.2,0.3056451612903226
benign,nnunet_early,mean_normalized_entropy,0.3,0.3612903225806451
benign,nnunet_early,mean_normalized_entropy,0.4,0.4088709677419355
benign,nnunet_early,mean_normalized_entropy,0.5,0.4443548387096774
benign,nnunet_early,mean_normalized_entropy,0.6,0.4717741935483871
benign,nnunet_early,mean_normalized_entropy,0.7,0.4814516129032258
benign,nnunet_early,mean_normalized_entropy,0.8,0.489516129032258
benign,nnunet_early,mean_normalized_entropy,0.9,0.5032258064516129
benign,nnunet_early,mean_normalized_entropy,1.0,0.5080645161290323
benign,nnunet_early,mean_normalized_entropy,1.2,0.5120967741935484
benign,nnunet_early,mean_normalized_entropy,1.4,0.5120967741935484
benign,nnunet_early,mean_normalized_entropy,1.6,0.5120967741935484
benign,nnunet_early,mean_normalized_entropy,1.8,0.5120967741935484
benign,nnunet_early,mean_normalized_entropy,2.0,0.5120967741935484
benign,nnunet_early,lguq,0.1,0.1733870967741935
benign,nnunet_early,lguq,0.2,0.2588709677419354
benign,nnunet_early,lguq,0.3,0.3467741935483871
benign,nnunet_early,lguq,0.4,0.3838709677419354
benign,nnunet_early,lguq,0.5,0.4387096774193548
benign,nnunet_early,lguq,0.6,0.4709677419354838
benign,nnunet_early,lguq,0.7,0.482258064516129
benign,nnunet_early,lguq,0.8,0.4927419354838709
benign,nnunet_early,lguq,0.9,0.5
benign,nnunet_early,lguq,1.0,0.510483870967742
benign,nnunet_early,lguq,1.2,0.5120967741935484
benign,nnunet_early,lguq,1.4,0.5120967741935484
benign,nnunet_early,lguq,1.6,0.5120967741935484
benign,nnunet_early,lguq,1.8,0.5120967741935484
benign,nnunet_early,lguq,2.0,0.5120967741935484
benign,nnunet_early,metaseg,0.1,0.1782258064516129
benign,nnunet_early,metaseg,0.2,0.2919354838709677
benign,nnunet_early,metaseg,0.3,0.3483870967741935
benign,nnunet_early,metaseg,0.4,0.407258064516129
benign,nnunet_early,metaseg,0.5,0.439516129032258
benign,nnunet_early,metaseg,0.6,0.4653225806451613
benign,nnunet_early,metaseg,0.7,0.4854838709677419
benign,nnunet_early,metaseg,0.8,0.4927419354838709
benign,nnunet_early,metaseg,0.9,0.5008064516129033
benign,nnunet_early,metaseg,1.0,0.5088709677419355
benign,nnunet_early,metaseg,1.2,0.5120967741935484
benign,nnunet_early,metaseg,1.4,0.5120967741935484
benign,nnunet_early,metaseg,1.6,0.5120967741935484
benign,nnunet_early,metaseg,1.8,0.5120967741935484
benign,nnunet_early,metaseg,2.0,0.5120967741935484
benign,nnunet_early,standardized_max_logit,0.1,0.2556451612903225
benign,nnunet_early,standardized_max_logit,0.2,0.314516129032258
benign,nnunet_early,standardized_max_logit,0.3,0.3620967741935484
benign,nnunet_early,standardized_max_logit,0.4,0.3983870967741935
benign,nnunet_early,standardized_max_logit,0.5,0.4354838709677419
benign,nnunet_early,standardized_max_logit,0.6,0.4588709677419355
benign,nnunet_early,standardized_max_logit,0.7,0.4766129032258064
benign,nnunet_early,standardized_max_logit,0.8,0.4854838709677419
benign,nnunet_early,standardized_max_logit,0.9,0.4943548387096774
benign,nnunet_early,standardized_max_logit,1.0,0.5088709677419355
benign,nnunet_early,standardized_max_logit,1.2,0.5120967741935484
benign,nnunet_early,standardized_max_logit,1.4,0.5120967741935484
benign,nnunet_early,standardized_max_logit,1.6,0.5120967741935484
benign,nnunet_early,standardized_max_logit,1.8,0.5120967741935484
benign,nnunet_early,standardized_max_logit,2.0,0.5120967741935484
benign,nnunet_early,random_removal,0.1,0.0522311827956989
benign,nnunet_early,random_removal,0.2,0.1044086021505376
benign,nnunet_early,random_removal,0.3,0.1548118279569892
benign,nnunet_early,random_removal,0.4,0.2050537634408602
benign,nnunet_early,random_removal,0.5,0.2530107526881721
benign,nnunet_early,random_removal,0.6,0.2978763440860215
benign,nnunet_early,random_removal,0.7,0.3472849462365592
benign,nnunet_early,random_removal,0.8,0.3937096774193548
benign,nnunet_early,random_removal,0.9,0.4398924731182795
benign,nnunet_early,random_removal,1.0,0.4866666666666666
benign,nnunet_early,random_removal,1.2,0.5120967741935483
benign,nnunet_early,random_removal,1.4,0.5120967741935483
benign,nnunet_early,random_removal,1.6,0.5120967741935483
benign,nnunet_early,random_removal,1.8,0.5120967741935483
benign,nnunet_early,random_removal,2.0,0.5120967741935483
benign,nnunet_earlymid,mean_normalized_entropy,0.1,0.2201612903225806
benign,nnunet_earlymid,mean_normalized_entropy,0.2,0.2951612903225806
benign,nnunet_earlymid,mean_normalized_entropy,0.3,0.3677419354838709
benign,nnunet_earlymid,mean_normalized_entropy,0.4,0.4137096774193548
benign,nnunet_earlymid,mean_normalized_entropy,0.5,0.4491935483870968
benign,nnunet_earlymid,mean_normalized_entropy,0.6,0.4725806451612903
benign,nnunet_earlymid,mean_normalized_entropy,0.7,0.4991935483870968
benign,nnunet_earlymid,mean_normalized_entropy,0.8,0.521774193548387
benign,nnunet_earlymid,mean_normalized_entropy,0.9,0.535483870967742
benign,nnunet_earlymid,mean_normalized_entropy,1.0,0.5548387096774193
benign,nnunet_earlymid,mean_normalized_entropy,1.2,0.582258064516129
benign,nnunet_earlymid,mean_normalized_entropy,1.4,0.6048387096774194
benign,nnunet_earlymid,mean_normalized_entropy,1.6,0.614516129032258
benign,nnunet_earlymid,mean_normalized_entropy,1.8,0.614516129032258
benign,nnunet_earlymid,mean_normalized_entropy,2.0,0.614516129032258
benign,nnunet_earlymid,lguq,0.1,0.1758064516129032
benign,nnunet_earlymid,lguq,0.2,0.2637096774193548
benign,nnunet_earlymid,lguq,0.3,0.3306451612903225
benign,nnunet_earlymid,lguq,0.4,0.3870967741935484
benign,nnunet_earlymid,lguq,0.5,0.4201612903225806
benign,nnunet_earlymid,lguq,0.6,0.4483870967741935
benign,nnunet_earlymid,lguq,0.7,0.4870967741935484
benign,nnunet_earlymid,lguq,0.8,0.507258064516129
benign,nnunet_earlymid,lguq,0.9,0.5387096774193548
benign,nnunet_earlymid,lguq,1.0,0.5524193548387096
benign,nnunet_earlymid,lguq,1.2,0.5782258064516129
benign,nnunet_earlymid,lguq,1.4,0.6056451612903225
benign,nnunet_earlymid,lguq,1.6,0.614516129032258
benign,nnunet_earlymid,lguq,1.8,0.614516129032258
benign,nnunet_earlymid,lguq,2.0,0.614516129032258
benign,nnunet_earlymid,metaseg,0.1,0.2112903225806451
benign,nnunet_earlymid,metaseg,0.2,0.2959677419354838
benign,nnunet_earlymid,metaseg,0.3,0.3669354838709677
benign,nnunet_earlymid,metaseg,0.4,0.4233870967741935
benign,nnunet_earlymid,metaseg,0.5,0.4491935483870968
benign,nnunet_earlymid,metaseg,0.6,0.4741935483870967
benign,nnunet_earlymid,metaseg,0.7,0.4951612903225806
benign,nnunet_earlymid,metaseg,0.8,0.5185483870967742
benign,nnunet_earlymid,metaseg,0.9,0.5387096774193548
benign,nnunet_earlymid,metaseg,1.0,0.557258064516129
benign,nnunet_earlymid,metaseg,1.2,0.5774193548387097
benign,nnunet_earlymid,metaseg,1.4,0.5991935483870968
benign,nnunet_earlymid,metaseg,1.6,0.614516129032258
benign,nnunet_earlymid,metaseg,1.8,0.614516129032258
benign,nnunet_earlymid,metaseg,2.0,0.614516129032258
benign,nnunet_earlymid,standardized_max_logit,0.1,0.1887096774193548
benign,nnunet_earlymid,standardized_max_logit,0.2,0.2862903225806452
benign,nnunet_earlymid,standardized_max_logit,0.3,0.3379032258064516
benign,nnunet_earlymid,standardized_max_logit,0.4,0.3733870967741935
benign,nnunet_earlymid,standardized_max_logit,0.5,0.3959677419354839
benign,nnunet_earlymid,standardized_max_logit,0.6,0.4290322580645161
benign,nnunet_earlymid,standardized_max_logit,0.7,0.4645161290322581
benign,nnunet_earlymid,standardized_max_logit,0.8,0.4943548387096774
benign,nnunet_earlymid,standardized_max_logit,0.9,0.5177419354838709
benign,nnunet_earlymid,standardized_max_logit,1.0,0.5338709677419354
benign,nnunet_earlymid,standardized_max_logit,1.2,0.5701612903225807
benign,nnunet_earlymid,standardized_max_logit,1.4,0.5967741935483871
benign,nnunet_earlymid,standardized_max_logit,1.6,0.614516129032258
benign,nnunet_earlymid,standardized_max_logit,1.8,0.614516129032258
benign,nnunet_earlymid,standardized_max_logit,2.0,0.614516129032258
benign,nnunet_earlymid,random_removal,0.1,0.0441666666666666
benign,nnunet_earlymid,random_removal,0.2,0.0840860215053763
benign,nnunet_earlymid,random_removal,0.3,0.1238709677419354
benign,nnunet_earlymid,random_removal,0.4,0.1652956989247312
benign,nnunet_earlymid,random_removal,0.5,0.2079569892473118
benign,nnunet_earlymid,random_removal,0.6,0.2468010752688171
benign,nnunet_earlymid,random_removal,0.7,0.2856451612903225
benign,nnunet_earlymid,random_removal,0.8,0.3266935483870968
benign,nnunet_earlymid,random_removal,0.9,0.3676075268817204
benign,nnunet_earlymid,random_removal,1.0,0.4103225806451612
benign,nnunet_earlymid,random_removal,1.2,0.4900268817204301
benign,nnunet_earlymid,random_removal,1.4,0.5697043010752689
benign,nnunet_earlymid,random_removal,1.6,0.614516129032258
benign,nnunet_earlymid,random_removal,1.8,0.614516129032258
benign,nnunet_earlymid,random_removal,2.0,0.614516129032258
benign,nnunet_mid,mean_normalized_entropy,0.1,0.2419354838709677
benign,nnunet_mid,mean_normalized_entropy,0.2,0.2870967741935484
benign,nnunet_mid,mean_normalized_entropy,0.3,0.3491935483870967
benign,nnunet_mid,mean_normalized_entropy,0.4,0.392741935483871
benign,nnunet_mid,mean_normalized_entropy,0.5,0.4354838709677419
benign,nnunet_mid,mean_normalized_entropy,0.6,0.4629032258064516
benign,nnunet_mid,mean_normalized_entropy,0.7,0.4782258064516129
benign,nnunet_mid,mean_normalized_entropy,0.8,0.4879032258064516
benign,nnunet_mid,mean_normalized_entropy,0.9,0.4935483870967742
benign,nnunet_mid,mean_normalized_entropy,1.0,0.5008064516129033
benign,nnunet_mid,mean_normalized_entropy,1.2,0.5137096774193548
benign,nnunet_mid,mean_normalized_entropy,1.4,0.5169354838709678
benign,nnunet_mid,mean_normalized_entropy,1.6,0.5169354838709678
benign,nnunet_mid,mean_normalized_entropy,1.8,0.5169354838709678
benign,nnunet_mid,mean_normalized_entropy,2.0,0.5169354838709678
benign,nnunet_mid,lguq,0.1,0.1943548387096774
benign,nnunet_mid,lguq,0.2,0.2798387096774193
benign,nnunet_mid,lguq,0.3,0.3419354838709677
benign,nnunet_mid,lguq,0.4,0.3854838709677419
benign,nnunet_mid,lguq,0.5,0.4169354838709677
benign,nnunet_mid,lguq,0.6,0.4370967741935483
benign,nnunet_mid,lguq,0.7,0.4629032258064516
benign,nnunet_mid,lguq,0.8,0.475
benign,nnunet_mid,lguq,0.9,0.4919354838709677
benign,nnunet_mid,lguq,1.0,0.4983870967741935
benign,nnunet_mid,lguq,1.2,0.510483870967742
benign,nnunet_mid,lguq,1.4,0.5169354838709678
benign,nnunet_mid,lguq,1.6,0.5169354838709678
benign,nnunet_mid,lguq,1.8,0.5169354838709678
benign,nnunet_mid,lguq,2.0,0.5169354838709678
benign,nnunet_mid,metaseg,0.1,0.2201612903225806
benign,nnunet_mid,metaseg,0.2,0.2919354838709677
benign,nnunet_mid,metaseg,0.3,0.3475806451612903
benign,nnunet_mid,metaseg,0.4,0.3895161290322581
benign,nnunet_mid,metaseg,0.5,0.4346774193548387
benign,nnunet_mid,metaseg,0.6,0.4540322580645161
benign,nnunet_mid,metaseg,0.7,0.4774193548387097
benign,nnunet_mid,metaseg,0.8,0.4838709677419355
benign,nnunet_mid,metaseg,0.9,0.4935483870967742
benign,nnunet_mid,metaseg,1.0,0.5008064516129033
benign,nnunet_mid,metaseg,1.2,0.5088709677419355
benign,nnunet_mid,metaseg,1.4,0.5169354838709678
benign,nnunet_mid,metaseg,1.6,0.5169354838709678
benign,nnunet_mid,metaseg,1.8,0.5169354838709678
benign,nnunet_mid,metaseg,2.0,0.5169354838709678
benign,nnunet_mid,standardized_max_logit,0.1,0.2153225806451613
benign,nnunet_mid,standardized_max_logit,0.2,0.275
benign,nnunet_mid,standardized_max_logit,0.3,0.307258064516129
benign,nnunet_mid,standardized_max_logit,0.4,0.3540322580645161
benign,nnunet_mid,standardized_max_logit,0.5,0.3975806451612903
benign,nnunet_mid,standardized_max_logit,0.6,0.4258064516129032
benign,nnunet_mid,standardized_max_logit,0.7,0.4540322580645161
benign,nnunet_mid,standardized_max_logit,0.8,0.4725806451612903
benign,nnunet_mid,standardized_max_logit,0.9,0.4862903225806451
benign,nnunet_mid,standardized_max_logit,1.0,0.4951612903225806
benign,nnunet_mid,standardized_max_logit,1.2,0.5112903225806451
benign,nnunet_mid,standardized_max_logit,1.4,0.5169354838709678
benign,nnunet_mid,standardized_max_logit,1.6,0.5169354838709678
benign,nnunet_mid,standardized_max_logit,1.8,0.5169354838709678
benign,nnunet_mid,standardized_max_logit,2.0,0.5169354838709678
benign,nnunet_mid,random_removal,0.1,0.0403763440860215
benign,nnunet_mid,random_removal,0.2,0.080268817204301
benign,nnunet_mid,random_removal,0.3,0.1218817204301075
benign,nnunet_mid,random_removal,0.4,0.1589247311827957
benign,nnunet_mid,random_removal,0.5,0.1976612903225806
benign,nnunet_mid,random_removal,0.6,0.2369892473118279
benign,nnunet_mid,random_removal,0.7,0.276236559139785
benign,nnunet_mid,random_removal,0.8,0.3101075268817203
benign,nnunet_mid,random_removal,0.9,0.3476612903225806
benign,nnunet_mid,random_removal,1.0,0.3854301075268817
benign,nnunet_mid,random_removal,1.2,0.4579032258064516
benign,nnunet_mid,random_removal,1.4,0.5169354838709679
benign,nnunet_mid,random_removal,1.6,0.5169354838709679
benign,nnunet_mid,random_removal,1.8,0.5169354838709679
benign,nnunet_mid,random_removal,2.0,0.5169354838709679
benign,nnunet_late,mean_normalized_entropy,0.1,0.2451612903225806
benign,nnunet_late,mean_normalized_entropy,0.2,0.3104838709677419
benign,nnunet_late,mean_normalized_entropy,0.3,0.3758064516129032
benign,nnunet_late,mean_normalized_entropy,0.4,0.4201612903225806
benign,nnunet_late,mean_normalized_entropy,0.5,0.4354838709677419
benign,nnunet_late,mean_normalized_entropy,0.6,0.4725806451612903
benign,nnunet_late,mean_normalized_entropy,0.7,0.489516129032258
benign,nnunet_late,mean_normalized_entropy,0.8,0.525
benign,nnunet_late,mean_normalized_entropy,0.9,0.5459677419354839
benign,nnunet_late,mean_normalized_entropy,1.0,0.5612903225806452
benign,nnunet_late,mean_normalized_entropy,1.2,0.5870967741935483
benign,nnunet_late,mean_normalized_entropy,1.4,0.6072580645161291
benign,nnunet_late,mean_normalized_entropy,1.6,0.6153225806451613
benign,nnunet_late,mean_normalized_entropy,1.8,0.6153225806451613
benign,nnunet_late,mean_normalized_entropy,2.0,0.6153225806451613
benign,nnunet_late,lguq,0.1,0.1830645161290322
benign,nnunet_late,lguq,0.2,0.289516129032258
benign,nnunet_late,lguq,0.3,0.3411290322580645
benign,nnunet_late,lguq,0.4,0.3903225806451613
benign,nnunet_late,lguq,0.5,0.4233870967741935
benign,nnunet_late,lguq,0.6,0.4612903225806452
benign,nnunet_late,lguq,0.7,0.4879032258064516
benign,nnunet_late,lguq,0.8,0.5185483870967742
benign,nnunet_late,lguq,0.9,0.5403225806451613
benign,nnunet_late,lguq,1.0,0.5588709677419355
benign,nnunet_late,lguq,1.2,0.5814516129032258
benign,nnunet_late,lguq,1.4,0.6024193548387097
benign,nnunet_late,lguq,1.6,0.6153225806451613
benign,nnunet_late,lguq,1.8,0.6153225806451613
benign,nnunet_late,lguq,2.0,0.6153225806451613
benign,nnunet_late,metaseg,0.1,0.2354838709677419
benign,nnunet_late,metaseg,0.2,0.3241935483870968
benign,nnunet_late,metaseg,0.3,0.3838709677419354
benign,nnunet_late,metaseg,0.4,0.4241935483870968
benign,nnunet_late,metaseg,0.5,0.4459677419354839
benign,nnunet_late,metaseg,0.6,0.4806451612903226
benign,nnunet_late,metaseg,0.7,0.5056451612903226
benign,nnunet_late,metaseg,0.8,0.5225806451612903
benign,nnunet_late,metaseg,0.9,0.5387096774193548
benign,nnunet_late,metaseg,1.0,0.5540322580645162
benign,nnunet_late,metaseg,1.2,0.5782258064516129
benign,nnunet_late,metaseg,1.4,0.6056451612903225
benign,nnunet_late,metaseg,1.6,0.6153225806451613
benign,nnunet_late,metaseg,1.8,0.6153225806451613
benign,nnunet_late,metaseg,2.0,0.6153225806451613
benign,nnunet_late,standardized_max_logit,0.1,0.2548387096774193
benign,nnunet_late,standardized_max_logit,0.2,0.3306451612903225
benign,nnunet_late,standardized_max_logit,0.3,0.375
benign,nnunet_late,standardized_max_logit,0.4,0.425
benign,nnunet_late,standardized_max_logit,0.5,0.4508064516129032
benign,nnunet_late,standardized_max_logit,0.6,0.4790322580645161
benign,nnunet_late,standardized_max_logit,0.7,0.5008064516129033
benign,nnunet_late,standardized_max_logit,0.8,0.525
benign,nnunet_late,standardized_max_logit,0.9,0.5459677419354839
benign,nnunet_late,standardized_max_logit,1.0,0.5556451612903226
benign,nnunet_late,standardized_max_logit,1.2,0.5830645161290322
benign,nnunet_late,standardized_max_logit,1.4,0.6016129032258064
benign,nnunet_late,standardized_max_logit,1.6,0.6153225806451613
benign,nnunet_late,standardized_max_logit,1.8,0.6153225806451613
benign,nnunet_late,standardized_max_logit,2.0,0.6153225806451613
benign,nnunet_late,random_removal,0.1,0.0429032258064516
benign,nnunet_late,random_removal,0.2,0.0812903225806451
benign,nnunet_late,random_removal,0.3,0.124274193548387
benign,nnunet_late,random_removal,0.4,0.1637365591397849
benign,nnunet_late,random_removal,0.5,0.2014784946236559
benign,nnunet_late,random_removal,0.6,0.2406989247311827
benign,nnunet_late,random_removal,0.7,0.2819354838709678
benign,nnunet_late,random_removal,0.8,0.3210752688172043
benign,nnunet_late,random_removal,0.9,0.3590322580645161
benign,nnunet_late,random_removal,1.0,0.3982795698924731
benign,nnunet_late,random_removal,1.2,0.4720430107526881
benign,nnunet_late,random_removal,1.4,0.5493817204301075
benign,nnunet_late,random_removal,1.6,0.6153225806451615
benign,nnunet_late,random_removal,1.8,0.6153225806451615
benign,nnunet_late,random_removal,2.0,0.6153225806451615
benign,nnunetcbam_single,mean_normalized_entropy,0.1,0.2048387096774193
benign,nnunetcbam_single,mean_normalized_entropy,0.2,0.2879032258064516
benign,nnunetcbam_single,mean_normalized_entropy,0.3,0.3580645161290323
benign,nnunetcbam_single,mean_normalized_entropy,0.4,0.392741935483871
benign,nnunetcbam_single,mean_normalized_entropy,0.5,0.414516129032258
benign,nnunetcbam_single,mean_normalized_entropy,0.6,0.4451612903225806
benign,nnunetcbam_single,mean_normalized_entropy,0.7,0.4612903225806452
benign,nnunetcbam_single,mean_normalized_entropy,0.8,0.475
benign,nnunetcbam_single,mean_normalized_entropy,0.9,0.4846774193548387
benign,nnunetcbam_single,mean_normalized_entropy,1.0,0.489516129032258
benign,nnunetcbam_single,mean_normalized_entropy,1.2,0.4903225806451612
benign,nnunetcbam_single,mean_normalized_entropy,1.4,0.4903225806451612
benign,nnunetcbam_single,mean_normalized_entropy,1.6,0.4903225806451612
benign,nnunetcbam_single,mean_normalized_entropy,1.8,0.4903225806451612
benign,nnunetcbam_single,mean_normalized_entropy,2.0,0.4903225806451612
benign,nnunetcbam_single,lguq,0.1,0.1814516129032258
benign,nnunetcbam_single,lguq,0.2,0.2645161290322581
benign,nnunetcbam_single,lguq,0.3,0.3395161290322581
benign,nnunetcbam_single,lguq,0.4,0.3830645161290322
benign,nnunetcbam_single,lguq,0.5,0.4129032258064516
benign,nnunetcbam_single,lguq,0.6,0.4298387096774193
benign,nnunetcbam_single,lguq,0.7,0.4548387096774193
benign,nnunetcbam_single,lguq,0.8,0.4661290322580645
benign,nnunetcbam_single,lguq,0.9,0.4806451612903226
benign,nnunetcbam_single,lguq,1.0,0.4870967741935484
benign,nnunetcbam_single,lguq,1.2,0.4903225806451612
benign,nnunetcbam_single,lguq,1.4,0.4903225806451612
benign,nnunetcbam_single,lguq,1.6,0.4903225806451612
benign,nnunetcbam_single,lguq,1.8,0.4903225806451612
benign,nnunetcbam_single,lguq,2.0,0.4903225806451612
benign,nnunetcbam_single,metaseg,0.1,0.2088709677419354
benign,nnunetcbam_single,metaseg,0.2,0.3112903225806451
benign,nnunetcbam_single,metaseg,0.3,0.3483870967741935
benign,nnunetcbam_single,metaseg,0.4,0.3911290322580645
benign,nnunetcbam_single,metaseg,0.5,0.432258064516129
benign,nnunetcbam_single,metaseg,0.6,0.4508064516129032
benign,nnunetcbam_single,metaseg,0.7,0.4645161290322581
benign,nnunetcbam_single,metaseg,0.8,0.4766129032258064
benign,nnunetcbam_single,metaseg,0.9,0.4814516129032258
benign,nnunetcbam_single,metaseg,1.0,0.4862903225806451
benign,nnunetcbam_single,metaseg,1.2,0.4903225806451612
benign,nnunetcbam_single,metaseg,1.4,0.4903225806451612
benign,nnunetcbam_single,metaseg,1.6,0.4903225806451612
benign,nnunetcbam_single,metaseg,1.8,0.4903225806451612
benign,nnunetcbam_single,metaseg,2.0,0.4903225806451612
benign,nnunetcbam_single,standardized_max_logit,0.1,0.2403225806451613
benign,nnunetcbam_single,standardized_max_logit,0.2,0.3290322580645161
benign,nnunetcbam_single,standardized_max_logit,0.3,0.3790322580645161
benign,nnunetcbam_single,standardized_max_logit,0.4,0.4209677419354838
benign,nnunetcbam_single,standardized_max_logit,0.5,0.4411290322580645
benign,nnunetcbam_single,standardized_max_logit,0.6,0.4548387096774193
benign,nnunetcbam_single,standardized_max_logit,0.7,0.4661290322580645
benign,nnunetcbam_single,standardized_max_logit,0.8,0.4741935483870967
benign,nnunetcbam_single,standardized_max_logit,0.9,0.4782258064516129
benign,nnunetcbam_single,standardized_max_logit,1.0,0.4887096774193548
benign,nnunetcbam_single,standardized_max_logit,1.2,0.4903225806451612
benign,nnunetcbam_single,standardized_max_logit,1.4,0.4903225806451612
benign,nnunetcbam_single,standardized_max_logit,1.6,0.4903225806451612
benign,nnunetcbam_single,standardized_max_logit,1.8,0.4903225806451612
benign,nnunetcbam_single,standardized_max_logit,2.0,0.4903225806451612
benign,nnunetcbam_single,random_removal,0.1,0.0440322580645161
benign,nnunetcbam_single,random_removal,0.2,0.0884946236559139
benign,nnunetcbam_single,random_removal,0.3,0.1311559139784946
benign,nnunetcbam_single,random_removal,0.4,0.1804569892473118
benign,nnunetcbam_single,random_removal,0.5,0.2248118279569892
benign,nnunetcbam_single,random_removal,0.6,0.2688978494623656
benign,nnunetcbam_single,random_removal,0.7,0.3130107526881721
benign,nnunetcbam_single,random_removal,0.8,0.3518817204301075
benign,nnunetcbam_single,random_removal,0.9,0.3943548387096774
benign,nnunetcbam_single,random_removal,1.0,0.4380376344086021
benign,nnunetcbam_single,random_removal,1.2,0.4903225806451612
benign,nnunetcbam_single,random_removal,1.4,0.4903225806451612
benign,nnunetcbam_single,random_removal,1.6,0.4903225806451612
benign,nnunetcbam_single,random_removal,1.8,0.4903225806451612
benign,nnunetcbam_single,random_removal,2.0,0.4903225806451612
benign,nnunetcbam_multidecoder,mean_normalized_entropy,0.1,0.1798387096774193
benign,nnunetcbam_multidecoder,mean_normalized_entropy,0.2,0.2959677419354838
benign,nnunetcbam_multidecoder,mean_normalized_entropy,0.3,0.3516129032258064
benign,nnunetcbam_multidecoder,mean_normalized_entropy,0.4,0.3975806451612903
benign,nnunetcbam_multidecoder,mean_normalized_entropy,0.5,0.4379032258064516
benign,nnunetcbam_multidecoder,mean_normalized_entropy,0.6,0.4637096774193548
benign,nnunetcbam_multidecoder,mean_normalized_entropy,0.7,0.4870967741935484
benign,nnunetcbam_multidecoder,mean_normalized_entropy,0.8,0.4951612903225806
benign,nnunetcbam_multidecoder,mean_normalized_entropy,0.9,0.5056451612903226
benign,nnunetcbam_multidecoder,mean_normalized_entropy,1.0,0.5129032258064516
benign,nnunetcbam_multidecoder,mean_normalized_entropy,1.2,0.5153225806451613
benign,nnunetcbam_multidecoder,mean_normalized_entropy,1.4,0.5153225806451613
benign,nnunetcbam_multidecoder,mean_normalized_entropy,1.6,0.5153225806451613
benign,nnunetcbam_multidecoder,mean_normalized_entropy,1.8,0.5153225806451613
benign,nnunetcbam_multidecoder,mean_normalized_entropy,2.0,0.5153225806451613
benign,nnunetcbam_multidecoder,lguq,0.1,0.1887096774193548
benign,nnunetcbam_multidecoder,lguq,0.2,0.2596774193548387
benign,nnunetcbam_multidecoder,lguq,0.3,0.3209677419354839
benign,nnunetcbam_multidecoder,lguq,0.4,0.3766129032258064
benign,nnunetcbam_multidecoder,lguq,0.5,0.4153225806451613
benign,nnunetcbam_multidecoder,lguq,0.6,0.4604838709677419
benign,nnunetcbam_multidecoder,lguq,0.7,0.4854838709677419
benign,nnunetcbam_multidecoder,lguq,0.8,0.4967741935483871
benign,nnunetcbam_multidecoder,lguq,0.9,0.5064516129032258
benign,nnunetcbam_multidecoder,lguq,1.0,0.5137096774193548
benign,nnunetcbam_multidecoder,lguq,1.2,0.5153225806451613
benign,nnunetcbam_multidecoder,lguq,1.4,0.5153225806451613
benign,nnunetcbam_multidecoder,lguq,1.6,0.5153225806451613
benign,nnunetcbam_multidecoder,lguq,1.8,0.5153225806451613
benign,nnunetcbam_multidecoder,lguq,2.0,0.5153225806451613
benign,nnunetcbam_multidecoder,metaseg,0.1,0.1846774193548387
benign,nnunetcbam_multidecoder,metaseg,0.2,0.2782258064516129
benign,nnunetcbam_multidecoder,metaseg,0.3,0.3548387096774194
benign,nnunetcbam_multidecoder,metaseg,0.4,0.4032258064516129
benign,nnunetcbam_multidecoder,metaseg,0.5,0.432258064516129
benign,nnunetcbam_multidecoder,metaseg,0.6,0.4580645161290322
benign,nnunetcbam_multidecoder,metaseg,0.7,0.4782258064516129
benign,nnunetcbam_multidecoder,metaseg,0.8,0.4919354838709677
benign,nnunetcbam_multidecoder,metaseg,0.9,0.5032258064516129
benign,nnunetcbam_multidecoder,metaseg,1.0,0.5120967741935484
benign,nnunetcbam_multidecoder,metaseg,1.2,0.5153225806451613
benign,nnunetcbam_multidecoder,metaseg,1.4,0.5153225806451613
benign,nnunetcbam_multidecoder,metaseg,1.6,0.5153225806451613
benign,nnunetcbam_multidecoder,metaseg,1.8,0.5153225806451613
benign,nnunetcbam_multidecoder,metaseg,2.0,0.5153225806451613
benign,nnunetcbam_multidecoder,standardized_max_logit,0.1,0.2104838709677419
benign,nnunetcbam_multidecoder,standardized_max_logit,0.2,0.3209677419354839
benign,nnunetcbam_multidecoder,standardized_max_logit,0.3,0.3782258064516129
benign,nnunetcbam_multidecoder,standardized_max_logit,0.4,0.4290322580645161
benign,nnunetcbam_multidecoder,standardized_max_logit,0.5,0.4524193548387096
benign,nnunetcbam_multidecoder,standardized_max_logit,0.6,0.4693548387096774
benign,nnunetcbam_multidecoder,standardized_max_logit,0.7,0.4887096774193548
benign,nnunetcbam_multidecoder,standardized_max_logit,0.8,0.4983870967741935
benign,nnunetcbam_multidecoder,standardized_max_logit,0.9,0.5112903225806451
benign,nnunetcbam_multidecoder,standardized_max_logit,1.0,0.5153225806451613
benign,nnunetcbam_multidecoder,standardized_max_logit,1.2,0.5153225806451613
benign,nnunetcbam_multidecoder,standardized_max_logit,1.4,0.5153225806451613
benign,nnunetcbam_multidecoder,standardized_max_logit,1.6,0.5153225806451613
benign,nnunetcbam_multidecoder,standardized_max_logit,1.8,0.5153225806451613
benign,nnunetcbam_multidecoder,standardized_max_logit,2.0,0.5153225806451613
benign,nnunetcbam_multidecoder,random_removal,0.1,0.0540860215053763
benign,nnunetcbam_multidecoder,random_removal,0.2,0.1089247311827957
benign,nnunetcbam_multidecoder,random_removal,0.3,0.1549462365591397
benign,nnunetcbam_multidecoder,random_removal,0.4,0.2081451612903225
benign,nnunetcbam_multidecoder,random_removal,0.5,0.2608870967741935
benign,nnunetcbam_multidecoder,random_removal,0.6,0.3132795698924731
benign,nnunetcbam_multidecoder,random_removal,0.7,0.3637903225806452
benign,nnunetcbam_multidecoder,random_removal,0.8,0.4117741935483872
benign,nnunetcbam_multidecoder,random_removal,0.9,0.4619623655913979
benign,nnunetcbam_multidecoder,random_removal,1.0,0.5100806451612903
benign,nnunetcbam_multidecoder,random_removal,1.2,0.5153225806451613
benign,nnunetcbam_multidecoder,random_removal,1.4,0.5153225806451613
benign,nnunetcbam_multidecoder,random_removal,1.6,0.5153225806451613
benign,nnunetcbam_multidecoder,random_removal,1.8,0.5153225806451613
benign,nnunetcbam_multidecoder,random_removal,2.0,0.5153225806451613
benign,nnunetcbam_earlymid,mean_normalized_entropy,0.1,0.1943548387096774
benign,nnunetcbam_earlymid,mean_normalized_entropy,0.2,0.2967741935483871
benign,nnunetcbam_earlymid,mean_normalized_entropy,0.3,0.382258064516129
benign,nnunetcbam_earlymid,mean_normalized_entropy,0.4,0.4435483870967742
benign,nnunetcbam_earlymid,mean_normalized_entropy,0.5,0.4580645161290322
benign,nnunetcbam_earlymid,mean_normalized_entropy,0.6,0.4806451612903226
benign,nnunetcbam_earlymid,mean_normalized_entropy,0.7,0.4887096774193548
benign,nnunetcbam_earlymid,mean_normalized_entropy,0.8,0.5032258064516129
benign,nnunetcbam_earlymid,mean_normalized_entropy,0.9,0.5064516129032258
benign,nnunetcbam_earlymid,mean_normalized_entropy,1.0,0.5145161290322581
benign,nnunetcbam_earlymid,mean_normalized_entropy,1.2,0.5177419354838709
benign,nnunetcbam_earlymid,mean_normalized_entropy,1.4,0.5177419354838709
benign,nnunetcbam_earlymid,mean_normalized_entropy,1.6,0.5177419354838709
benign,nnunetcbam_earlymid,mean_normalized_entropy,1.8,0.5177419354838709
benign,nnunetcbam_earlymid,mean_normalized_entropy,2.0,0.5177419354838709
benign,nnunetcbam_earlymid,lguq,0.1,0.2024193548387096
benign,nnunetcbam_earlymid,lguq,0.2,0.2951612903225806
benign,nnunetcbam_earlymid,lguq,0.3,0.364516129032258
benign,nnunetcbam_earlymid,lguq,0.4,0.4104838709677419
benign,nnunetcbam_earlymid,lguq,0.5,0.4483870967741935
benign,nnunetcbam_earlymid,lguq,0.6,0.475
benign,nnunetcbam_earlymid,lguq,0.7,0.4862903225806451
benign,nnunetcbam_earlymid,lguq,0.8,0.5032258064516129
benign,nnunetcbam_earlymid,lguq,0.9,0.507258064516129
benign,nnunetcbam_earlymid,lguq,1.0,0.5161290322580645
benign,nnunetcbam_earlymid,lguq,1.2,0.5177419354838709
benign,nnunetcbam_earlymid,lguq,1.4,0.5177419354838709
benign,nnunetcbam_earlymid,lguq,1.6,0.5177419354838709
benign,nnunetcbam_earlymid,lguq,1.8,0.5177419354838709
benign,nnunetcbam_earlymid,lguq,2.0,0.5177419354838709
benign,nnunetcbam_earlymid,metaseg,0.1,0.2193548387096774
benign,nnunetcbam_earlymid,metaseg,0.2,0.2991935483870968
benign,nnunetcbam_earlymid,metaseg,0.3,0.382258064516129
benign,nnunetcbam_earlymid,metaseg,0.4,0.4435483870967742
benign,nnunetcbam_earlymid,metaseg,0.5,0.4612903225806452
benign,nnunetcbam_earlymid,metaseg,0.6,0.4798387096774194
benign,nnunetcbam_earlymid,metaseg,0.7,0.4887096774193548
benign,nnunetcbam_earlymid,metaseg,0.8,0.5
benign,nnunetcbam_earlymid,metaseg,0.9,0.5064516129032258
benign,nnunetcbam_earlymid,metaseg,1.0,0.5153225806451613
benign,nnunetcbam_earlymid,metaseg,1.2,0.5177419354838709
benign,nnunetcbam_earlymid,metaseg,1.4,0.5177419354838709
benign,nnunetcbam_earlymid,metaseg,1.6,0.5177419354838709
benign,nnunetcbam_earlymid,metaseg,1.8,0.5177419354838709
benign,nnunetcbam_earlymid,metaseg,2.0,0.5177419354838709
benign,nnunetcbam_earlymid,standardized_max_logit,0.1,0.2185483870967741
benign,nnunetcbam_earlymid,standardized_max_logit,0.2,0.3411290322580645
benign,nnunetcbam_earlymid,standardized_max_logit,0.3,0.3870967741935484
benign,nnunetcbam_earlymid,standardized_max_logit,0.4,0.4435483870967742
benign,nnunetcbam_earlymid,standardized_max_logit,0.5,0.4693548387096774
benign,nnunetcbam_earlymid,standardized_max_logit,0.6,0.4830645161290323
benign,nnunetcbam_earlymid,standardized_max_logit,0.7,0.4967741935483871
benign,nnunetcbam_earlymid,standardized_max_logit,0.8,0.5048387096774194
benign,nnunetcbam_earlymid,standardized_max_logit,0.9,0.5096774193548387
benign,nnunetcbam_earlymid,standardized_max_logit,1.0,0.5137096774193548
benign,nnunetcbam_earlymid,standardized_max_logit,1.2,0.5177419354838709
benign,nnunetcbam_earlymid,standardized_max_logit,1.4,0.5177419354838709
benign,nnunetcbam_earlymid,standardized_max_logit,1.6,0.5177419354838709
benign,nnunetcbam_earlymid,standardized_max_logit,1.8,0.5177419354838709
benign,nnunetcbam_earlymid,standardized_max_logit,2.0,0.5177419354838709
benign,nnunetcbam_earlymid,random_removal,0.1,0.053010752688172
benign,nnunetcbam_earlymid,random_removal,0.2,0.1033333333333333
benign,nnunetcbam_earlymid,random_removal,0.3,0.1545430107526881
benign,nnunetcbam_earlymid,random_removal,0.4,0.2040591397849462
benign,nnunetcbam_earlymid,random_removal,0.5,0.2510215053763441
benign,nnunetcbam_earlymid,random_removal,0.6,0.3015591397849462
benign,nnunetcbam_earlymid,random_removal,0.7,0.3498655913978494
benign,nnunetcbam_earlymid,random_removal,0.8,0.3956989247311828
benign,nnunetcbam_earlymid,random_removal,0.9,0.4452956989247312
benign,nnunetcbam_earlymid,random_removal,1.0,0.4930645161290323
benign,nnunetcbam_earlymid,random_removal,1.2,0.5177419354838709
benign,nnunetcbam_earlymid,random_removal,1.4,0.5177419354838709
benign,nnunetcbam_earlymid,random_removal,1.6,0.5177419354838709
benign,nnunetcbam_earlymid,random_removal,1.8,0.5177419354838709
benign,nnunetcbam_earlymid,random_removal,2.0,0.5177419354838709
benign,nnunetcbam_mid,mean_normalized_entropy,0.1,0.2354838709677419
benign,nnunetcbam_mid,mean_normalized_entropy,0.2,0.307258064516129
benign,nnunetcbam_mid,mean_normalized_entropy,0.3,0.357258064516129
benign,nnunetcbam_mid,mean_normalized_entropy,0.4,0.4008064516129032
benign,nnunetcbam_mid,mean_normalized_entropy,0.5,0.4362903225806451
benign,nnunetcbam_mid,mean_normalized_entropy,0.6,0.4620967741935484
benign,nnunetcbam_mid,mean_normalized_entropy,0.7,0.4830645161290323
benign,nnunetcbam_mid,mean_normalized_entropy,0.8,0.4919354838709677
benign,nnunetcbam_mid,mean_normalized_entropy,0.9,0.4975806451612903
benign,nnunetcbam_mid,mean_normalized_entropy,1.0,0.5032258064516129
benign,nnunetcbam_mid,mean_normalized_entropy,1.2,0.5137096774193548
benign,nnunetcbam_mid,mean_normalized_entropy,1.4,0.5137096774193548
benign,nnunetcbam_mid,mean_normalized_entropy,1.6,0.5137096774193548
benign,nnunetcbam_mid,mean_normalized_entropy,1.8,0.5137096774193548
benign,nnunetcbam_mid,mean_normalized_entropy,2.0,0.5137096774193548
benign,nnunetcbam_mid,lguq,0.1,0.2129032258064516
benign,nnunetcbam_mid,lguq,0.2,0.2532258064516129
benign,nnunetcbam_mid,lguq,0.3,0.3314516129032258
benign,nnunetcbam_mid,lguq,0.4,0.3846774193548387
benign,nnunetcbam_mid,lguq,0.5,0.4201612903225806
benign,nnunetcbam_mid,lguq,0.6,0.4467741935483871
benign,nnunetcbam_mid,lguq,0.7,0.4774193548387097
benign,nnunetcbam_mid,lguq,0.8,0.4935483870967742
benign,nnunetcbam_mid,lguq,0.9,0.4991935483870968
benign,nnunetcbam_mid,lguq,1.0,0.5040322580645161
benign,nnunetcbam_mid,lguq,1.2,0.5137096774193548
benign,nnunetcbam_mid,lguq,1.4,0.5137096774193548
benign,nnunetcbam_mid,lguq,1.6,0.5137096774193548
benign,nnunetcbam_mid,lguq,1.8,0.5137096774193548
benign,nnunetcbam_mid,lguq,2.0,0.5137096774193548
benign,nnunetcbam_mid,metaseg,0.1,0.257258064516129
benign,nnunetcbam_mid,metaseg,0.2,0.3153225806451613
benign,nnunetcbam_mid,metaseg,0.3,0.3741935483870968
benign,nnunetcbam_mid,metaseg,0.4,0.4
benign,nnunetcbam_mid,metaseg,0.5,0.4338709677419355
benign,nnunetcbam_mid,metaseg,0.6,0.4637096774193548
benign,nnunetcbam_mid,metaseg,0.7,0.4830645161290323
benign,nnunetcbam_mid,metaseg,0.8,0.4927419354838709
benign,nnunetcbam_mid,metaseg,0.9,0.4951612903225806
benign,nnunetcbam_mid,metaseg,1.0,0.5016129032258064
benign,nnunetcbam_mid,metaseg,1.2,0.5137096774193548
benign,nnunetcbam_mid,metaseg,1.4,0.5137096774193548
benign,nnunetcbam_mid,metaseg,1.6,0.5137096774193548
benign,nnunetcbam_mid,metaseg,1.8,0.5137096774193548
benign,nnunetcbam_mid,metaseg,2.0,0.5137096774193548
benign,nnunetcbam_mid,standardized_max_logit,0.1,0.2258064516129032
benign,nnunetcbam_mid,standardized_max_logit,0.2,0.3153225806451613
benign,nnunetcbam_mid,standardized_max_logit,0.3,0.3862903225806451
benign,nnunetcbam_mid,standardized_max_logit,0.4,0.4217741935483871
benign,nnunetcbam_mid,standardized_max_logit,0.5,0.4475806451612903
benign,nnunetcbam_mid,standardized_max_logit,0.6,0.4693548387096774
benign,nnunetcbam_mid,standardized_max_logit,0.7,0.4838709677419355
benign,nnunetcbam_mid,standardized_max_logit,0.8,0.4935483870967742
benign,nnunetcbam_mid,standardized_max_logit,0.9,0.4975806451612903
benign,nnunetcbam_mid,standardized_max_logit,1.0,0.5048387096774194
benign,nnunetcbam_mid,standardized_max_logit,1.2,0.5137096774193548
benign,nnunetcbam_mid,standardized_max_logit,1.4,0.5137096774193548
benign,nnunetcbam_mid,standardized_max_logit,1.6,0.5137096774193548
benign,nnunetcbam_mid,standardized_max_logit,1.8,0.5137096774193548
benign,nnunetcbam_mid,standardized_max_logit,2.0,0.5137096774193548
benign,nnunetcbam_mid,random_removal,0.1,0.0449462365591397
benign,nnunetcbam_mid,random_removal,0.2,0.0870967741935483
benign,nnunetcbam_mid,random_removal,0.3,0.1301344086021505
benign,nnunetcbam_mid,random_removal,0.4,0.1731989247311827
benign,nnunetcbam_mid,random_removal,0.5,0.2164247311827957
benign,nnunetcbam_mid,random_removal,0.6,0.256989247311828
benign,nnunetcbam_mid,random_removal,0.7,0.2973118279569892
benign,nnunetcbam_mid,random_removal,0.8,0.3427688172043011
benign,nnunetcbam_mid,random_removal,0.9,0.3850537634408602
benign,nnunetcbam_mid,random_removal,1.0,0.4248118279569892
benign,nnunetcbam_mid,random_removal,1.2,0.5087365591397849
benign,nnunetcbam_mid,random_removal,1.4,0.5137096774193548
benign,nnunetcbam_mid,random_removal,1.6,0.5137096774193548
benign,nnunetcbam_mid,random_removal,1.8,0.5137096774193548
benign,nnunetcbam_mid,random_removal,2.0,0.5137096774193548
benign,nnunetcbam_multihead,mean_normalized_entropy,0.1,0.1862903225806451
benign,nnunetcbam_multihead,mean_normalized_entropy,0.2,0.3056451612903226
benign,nnunetcbam_multihead,mean_normalized_entropy,0.3,0.3733870967741935
benign,nnunetcbam_multihead,mean_normalized_entropy,0.4,0.3975806451612903
benign,nnunetcbam_multihead,mean_normalized_entropy,0.5,0.4387096774193548
benign,nnunetcbam_multihead,mean_normalized_entropy,0.6,0.4798387096774194
benign,nnunetcbam_multihead,mean_normalized_entropy,0.7,0.5016129032258064
benign,nnunetcbam_multihead,mean_normalized_entropy,0.8,0.5266129032258065
benign,nnunetcbam_multihead,mean_normalized_entropy,0.9,0.55
benign,nnunetcbam_multihead,mean_normalized_entropy,1.0,0.5653225806451613
benign,nnunetcbam_multihead,mean_normalized_entropy,1.2,0.5911290322580646
benign,nnunetcbam_multihead,mean_normalized_entropy,1.4,0.6193548387096774
benign,nnunetcbam_multihead,mean_normalized_entropy,1.6,0.6370967741935484
benign,nnunetcbam_multihead,mean_normalized_entropy,1.8,0.6516129032258065
benign,nnunetcbam_multihead,mean_normalized_entropy,2.0,0.6540322580645161
benign,nnunetcbam_multihead,lguq,0.1,0.1532258064516129
benign,nnunetcbam_multihead,lguq,0.2,0.2596774193548387
benign,nnunetcbam_multihead,lguq,0.3,0.3443548387096774
benign,nnunetcbam_multihead,lguq,0.4,0.3911290322580645
benign,nnunetcbam_multihead,lguq,0.5,0.4282258064516129
benign,nnunetcbam_multihead,lguq,0.6,0.4685483870967742
benign,nnunetcbam_multihead,lguq,0.7,0.4911290322580645
benign,nnunetcbam_multihead,lguq,0.8,0.5185483870967742
benign,nnunetcbam_multihead,lguq,0.9,0.5411290322580645
benign,nnunetcbam_multihead,lguq,1.0,0.5604838709677419
benign,nnunetcbam_multihead,lguq,1.2,0.5887096774193549
benign,nnunetcbam_multihead,lguq,1.4,0.6153225806451613
benign,nnunetcbam_multihead,lguq,1.6,0.6306451612903226
benign,nnunetcbam_multihead,lguq,1.8,0.6508064516129032
benign,nnunetcbam_multihead,lguq,2.0,0.6540322580645161
benign,nnunetcbam_multihead,metaseg,0.1,0.2112903225806451
benign,nnunetcbam_multihead,metaseg,0.2,0.3032258064516129
benign,nnunetcbam_multihead,metaseg,0.3,0.3830645161290322
benign,nnunetcbam_multihead,metaseg,0.4,0.4104838709677419
benign,nnunetcbam_multihead,metaseg,0.5,0.4475806451612903
benign,nnunetcbam_multihead,metaseg,0.6,0.4879032258064516
benign,nnunetcbam_multihead,metaseg,0.7,0.5112903225806451
benign,nnunetcbam_multihead,metaseg,0.8,0.5403225806451613
benign,nnunetcbam_multihead,metaseg,0.9,0.5556451612903226
benign,nnunetcbam_multihead,metaseg,1.0,0.567741935483871
benign,nnunetcbam_multihead,metaseg,1.2,0.5911290322580646
benign,nnunetcbam_multihead,metaseg,1.4,0.617741935483871
benign,nnunetcbam_multihead,metaseg,1.6,0.6346774193548387
benign,nnunetcbam_multihead,metaseg,1.8,0.6524193548387097
benign,nnunetcbam_multihead,metaseg,2.0,0.6540322580645161
benign,nnunetcbam_multihead,standardized_max_logit,0.1,0.257258064516129
benign,nnunetcbam_multihead,standardized_max_logit,0.2,0.3403225806451613
benign,nnunetcbam_multihead,standardized_max_logit,0.3,0.3919354838709677
benign,nnunetcbam_multihead,standardized_max_logit,0.4,0.4233870967741935
benign,nnunetcbam_multihead,standardized_max_logit,0.5,0.4516129032258064
benign,nnunetcbam_multihead,standardized_max_logit,0.6,0.4758064516129032
benign,nnunetcbam_multihead,standardized_max_logit,0.7,0.5048387096774194
benign,nnunetcbam_multihead,standardized_max_logit,0.8,0.5209677419354839
benign,nnunetcbam_multihead,standardized_max_logit,0.9,0.535483870967742
benign,nnunetcbam_multihead,standardized_max_logit,1.0,0.5580645161290323
benign,nnunetcbam_multihead,standardized_max_logit,1.2,0.5862903225806452
benign,nnunetcbam_multihead,standardized_max_logit,1.4,0.6080645161290322
benign,nnunetcbam_multihead,standardized_max_logit,1.6,0.632258064516129
benign,nnunetcbam_multihead,standardized_max_logit,1.8,0.6524193548387097
benign,nnunetcbam_multihead,standardized_max_logit,2.0,0.6540322580645161
benign,nnunetcbam_multihead,random_removal,0.1,0.0393548387096774
benign,nnunetcbam_multihead,random_removal,0.2,0.0775268817204301
benign,nnunetcbam_multihead,random_removal,0.3,0.115752688172043
benign,nnunetcbam_multihead,random_removal,0.4,0.1566397849462365
benign,nnunetcbam_multihead,random_removal,0.5,0.1928494623655914
benign,nnunetcbam_multihead,random_removal,0.6,0.2284946236559139
benign,nnunetcbam_multihead,random_removal,0.7,0.2670967741935483
benign,nnunetcbam_multihead,random_removal,0.8,0.3008333333333333
benign,nnunetcbam_multihead,random_removal,0.9,0.3364247311827956
benign,nnunetcbam_multihead,random_removal,1.0,0.3734139784946236
benign,nnunetcbam_multihead,random_removal,1.2,0.4412634408602151
benign,nnunetcbam_multihead,random_removal,1.4,0.509247311827957
benign,nnunetcbam_multihead,random_removal,1.6,0.5757526881720431
benign,nnunetcbam_multihead,random_removal,1.8,0.6436290322580646
benign,nnunetcbam_multihead,random_removal,2.0,0.6540322580645159
benign,segformer_single,mean_normalized_entropy,0.1,0.2193548387096774
benign,segformer_single,mean_normalized_entropy,0.2,0.3217741935483871
benign,segformer_single,mean_normalized_entropy,0.3,0.3830645161290322
benign,segformer_single,mean_normalized_entropy,0.4,0.4451612903225806
benign,segformer_single,mean_normalized_entropy,0.5,0.4725806451612903
benign,segformer_single,mean_normalized_entropy,0.6,0.4887096774193548
benign,segformer_single,mean_normalized_entropy,0.7,0.5056451612903226
benign,segformer_single,mean_normalized_entropy,0.8,0.5185483870967742
benign,segformer_single,mean_normalized_entropy,0.9,0.5370967741935484
benign,segformer_single,mean_normalized_entropy,1.0,0.5459677419354839
benign,segformer_single,mean_normalized_entropy,1.2,0.5725806451612904
benign,segformer_single,mean_normalized_entropy,1.4,0.5903225806451613
benign,segformer_single,mean_normalized_entropy,1.6,0.5911290322580646
benign,segformer_single,mean_normalized_entropy,1.8,0.5911290322580646
benign,segformer_single,mean_normalized_entropy,2.0,0.5911290322580646
benign,segformer_single,lguq,0.1,0.1983870967741935
benign,segformer_single,lguq,0.2,0.3024193548387097
benign,segformer_single,lguq,0.3,0.3790322580645161
benign,segformer_single,lguq,0.4,0.425
benign,segformer_single,lguq,0.5,0.4540322580645161
benign,segformer_single,lguq,0.6,0.4766129032258064
benign,segformer_single,lguq,0.7,0.5048387096774194
benign,segformer_single,lguq,0.8,0.5193548387096775
benign,segformer_single,lguq,0.9,0.5346774193548387
benign,segformer_single,lguq,1.0,0.5419354838709678
benign,segformer_single,lguq,1.2,0.5653225806451613
benign,segformer_single,lguq,1.4,0.5846774193548387
benign,segformer_single,lguq,1.6,0.5911290322580646
benign,segformer_single,lguq,1.8,0.5911290322580646
benign,segformer_single,lguq,2.0,0.5911290322580646
benign,segformer_single,metaseg,0.1,0.2387096774193548
benign,segformer_single,metaseg,0.2,0.3241935483870968
benign,segformer_single,metaseg,0.3,0.3830645161290322
benign,segformer_single,metaseg,0.4,0.4387096774193548
benign,segformer_single,metaseg,0.5,0.4693548387096774
benign,segformer_single,metaseg,0.6,0.4975806451612903
benign,segformer_single,metaseg,0.7,0.5112903225806451
benign,segformer_single,metaseg,0.8,0.5233870967741936
benign,segformer_single,metaseg,0.9,0.535483870967742
benign,segformer_single,metaseg,1.0,0.5516129032258065
benign,segformer_single,metaseg,1.2,0.5725806451612904
benign,segformer_single,metaseg,1.4,0.5903225806451613
benign,segformer_single,metaseg,1.6,0.5911290322580646
benign,segformer_single,metaseg,1.8,0.5911290322580646
benign,segformer_single,metaseg,2.0,0.5911290322580646
benign,segformer_single,standardized_max_logit,0.1,0.1870967741935484
benign,segformer_single,standardized_max_logit,0.2,0.2862903225806452
benign,segformer_single,standardized_max_logit,0.3,0.3258064516129032
benign,segformer_single,standardized_max_logit,0.4,0.3758064516129032
benign,segformer_single,standardized_max_logit,0.5,0.4056451612903226
benign,segformer_single,standardized_max_logit,0.6,0.4274193548387097
benign,segformer_single,standardized_max_logit,0.7,0.4556451612903225
benign,segformer_single,standardized_max_logit,0.8,0.4693548387096774
benign,segformer_single,standardized_max_logit,0.9,0.4983870967741935
benign,segformer_single,standardized_max_logit,1.0,0.5120967741935484
benign,segformer_single,standardized_max_logit,1.2,0.5491935483870968
benign,segformer_single,standardized_max_logit,1.4,0.589516129032258
benign,segformer_single,standardized_max_logit,1.6,0.5911290322580646
benign,segformer_single,standardized_max_logit,1.8,0.5911290322580646
benign,segformer_single,standardized_max_logit,2.0,0.5911290322580646
benign,segformer_single,random_removal,0.1,0.0474731182795698
benign,segformer_single,random_removal,0.2,0.0901612903225806
benign,segformer_single,random_removal,0.3,0.1306451612903225
benign,segformer_single,random_removal,0.4,0.1718548387096774
benign,segformer_single,random_removal,0.5,0.2138440860215053
benign,segformer_single,random_removal,0.6,0.2568817204301075
benign,segformer_single,random_removal,0.7,0.3003494623655914
benign,segformer_single,random_removal,0.8,0.3397311827956989
benign,segformer_single,random_removal,0.9,0.3792204301075269
benign,segformer_single,random_removal,1.0,0.4173655913978494
benign,segformer_single,random_removal,1.2,0.4940322580645161
benign,segformer_single,random_removal,1.4,0.5706451612903226
benign,segformer_single,random_removal,1.6,0.5911290322580646
benign,segformer_single,random_removal,1.8,0.5911290322580646
benign,segformer_single,random_removal,2.0,0.5911290322580646
benign,segformer_early,mean_normalized_entropy,0.1,0.2564516129032258
benign,segformer_early,mean_normalized_entropy,0.2,0.332258064516129
benign,segformer_early,mean_normalized_entropy,0.3,0.4048387096774193
benign,segformer_early,mean_normalized_entropy,0.4,0.439516129032258
benign,segformer_early,mean_normalized_entropy,0.5,0.4758064516129032
benign,segformer_early,mean_normalized_entropy,0.6,0.5112903225806451
benign,segformer_early,mean_normalized_entropy,0.7,0.5290322580645161
benign,segformer_early,mean_normalized_entropy,0.8,0.5524193548387096
benign,segformer_early,mean_normalized_entropy,0.9,0.5661290322580645
benign,segformer_early,mean_normalized_entropy,1.0,0.5814516129032258
benign,segformer_early,mean_normalized_entropy,1.2,0.6016129032258064
benign,segformer_early,mean_normalized_entropy,1.4,0.6209677419354839
benign,segformer_early,mean_normalized_entropy,1.6,0.6241935483870967
benign,segformer_early,mean_normalized_entropy,1.8,0.6241935483870967
benign,segformer_early,mean_normalized_entropy,2.0,0.6241935483870967
benign,segformer_early,lguq,0.1,0.2129032258064516
benign,segformer_early,lguq,0.2,0.3129032258064516
benign,segformer_early,lguq,0.3,0.3879032258064516
benign,segformer_early,lguq,0.4,0.442741935483871
benign,segformer_early,lguq,0.5,0.4717741935483871
benign,segformer_early,lguq,0.6,0.4967741935483871
benign,segformer_early,lguq,0.7,0.5306451612903226
benign,segformer_early,lguq,0.8,0.5475806451612903
benign,segformer_early,lguq,0.9,0.5604838709677419
benign,segformer_early,lguq,1.0,0.5758064516129032
benign,segformer_early,lguq,1.2,0.5967741935483871
benign,segformer_early,lguq,1.4,0.6193548387096774
benign,segformer_early,lguq,1.6,0.6241935483870967
benign,segformer_early,lguq,1.8,0.6241935483870967
benign,segformer_early,lguq,2.0,0.6241935483870967
benign,segformer_early,metaseg,0.1,0.2709677419354839
benign,segformer_early,metaseg,0.2,0.3524193548387097
benign,segformer_early,metaseg,0.3,0.4096774193548387
benign,segformer_early,metaseg,0.4,0.4580645161290322
benign,segformer_early,metaseg,0.5,0.4838709677419355
benign,segformer_early,metaseg,0.6,0.5016129032258064
benign,segformer_early,metaseg,0.7,0.525
benign,segformer_early,metaseg,0.8,0.5467741935483871
benign,segformer_early,metaseg,0.9,0.5620967741935484
benign,segformer_early,metaseg,1.0,0.5766129032258065
benign,segformer_early,metaseg,1.2,0.5991935483870968
benign,segformer_early,metaseg,1.4,0.6217741935483871
benign,segformer_early,metaseg,1.6,0.6241935483870967
benign,segformer_early,metaseg,1.8,0.6241935483870967
benign,segformer_early,metaseg,2.0,0.6241935483870967
benign,segformer_early,standardized_max_logit,0.1,0.2298387096774193
benign,segformer_early,standardized_max_logit,0.2,0.314516129032258
benign,segformer_early,standardized_max_logit,0.3,0.3451612903225806
benign,segformer_early,standardized_max_logit,0.4,0.3846774193548387
benign,segformer_early,standardized_max_logit,0.5,0.4088709677419355
benign,segformer_early,standardized_max_logit,0.6,0.4362903225806451
benign,segformer_early,standardized_max_logit,0.7,0.4629032258064516
benign,segformer_early,standardized_max_logit,0.8,0.5008064516129033
benign,segformer_early,standardized_max_logit,0.9,0.5177419354838709
benign,segformer_early,standardized_max_logit,1.0,0.5451612903225806
benign,segformer_early,standardized_max_logit,1.2,0.5838709677419355
benign,segformer_early,standardized_max_logit,1.4,0.6201612903225806
benign,segformer_early,standardized_max_logit,1.6,0.6241935483870967
benign,segformer_early,standardized_max_logit,1.8,0.6241935483870967
benign,segformer_early,standardized_max_logit,2.0,0.6241935483870967
benign,segformer_early,random_removal,0.1,0.0477956989247311
benign,segformer_early,random_removal,0.2,0.0920430107526881
benign,segformer_early,random_removal,0.3,0.1340322580645161
benign,segformer_early,random_removal,0.4,0.1779838709677419
benign,segformer_early,random_removal,0.5,0.22
benign,segformer_early,random_removal,0.6,0.2624731182795699
benign,segformer_early,random_removal,0.7,0.3042473118279569
benign,segformer_early,random_removal,0.8,0.3456989247311827
benign,segformer_early,random_removal,0.9,0.3895161290322581
benign,segformer_early,random_removal,1.0,0.4336559139784946
benign,segformer_early,random_removal,1.2,0.5179301075268817
benign,segformer_early,random_removal,1.4,0.5997849462365592
benign,segformer_early,random_removal,1.6,0.624193548387097
benign,segformer_early,random_removal,1.8,0.624193548387097
benign,segformer_early,random_removal,2.0,0.624193548387097
benign,segformer_mid,mean_normalized_entropy,0.1,0.239516129032258
benign,segformer_mid,mean_normalized_entropy,0.2,0.3298387096774193
benign,segformer_mid,mean_normalized_entropy,0.3,0.3903225806451613
benign,segformer_mid,mean_normalized_entropy,0.4,0.4241935483870968
benign,segformer_mid,mean_normalized_entropy,0.5,0.4669354838709677
benign,segformer_mid,mean_normalized_entropy,0.6,0.5
benign,segformer_mid,mean_normalized_entropy,0.7,0.5233870967741936
benign,segformer_mid,mean_normalized_entropy,0.8,0.5435483870967742
benign,segformer_mid,mean_normalized_entropy,0.9,0.557258064516129
benign,segformer_mid,mean_normalized_entropy,1.0,0.5685483870967742
benign,segformer_mid,mean_normalized_entropy,1.2,0.5951612903225807
benign,segformer_mid,mean_normalized_entropy,1.4,0.6137096774193549
benign,segformer_mid,mean_normalized_entropy,1.6,0.6217741935483871
benign,segformer_mid,mean_normalized_entropy,1.8,0.6217741935483871
benign,segformer_mid,mean_normalized_entropy,2.0,0.6217741935483871
benign,segformer_mid,lguq,0.1,0.2193548387096774
benign,segformer_mid,lguq,0.2,0.2935483870967741
benign,segformer_mid,lguq,0.3,0.3758064516129032
benign,segformer_mid,lguq,0.4,0.4225806451612903
benign,segformer_mid,lguq,0.5,0.457258064516129
benign,segformer_mid,lguq,0.6,0.4887096774193548
benign,segformer_mid,lguq,0.7,0.5129032258064516
benign,segformer_mid,lguq,0.8,0.5314516129032258
benign,segformer_mid,lguq,0.9,0.5483870967741935
benign,segformer_mid,lguq,1.0,0.5629032258064516
benign,segformer_mid,lguq,1.2,0.5951612903225807
benign,segformer_mid,lguq,1.4,0.6096774193548387
benign,segformer_mid,lguq,1.6,0.6217741935483871
benign,segformer_mid,lguq,1.8,0.6217741935483871
benign,segformer_mid,lguq,2.0,0.6217741935483871
benign,segformer_mid,metaseg,0.1,0.2693548387096774
benign,segformer_mid,metaseg,0.2,0.3475806451612903
benign,segformer_mid,metaseg,0.3,0.3935483870967742
benign,segformer_mid,metaseg,0.4,0.4258064516129032
benign,segformer_mid,metaseg,0.5,0.4524193548387096
benign,segformer_mid,metaseg,0.6,0.4846774193548387
benign,segformer_mid,metaseg,0.7,0.5169354838709678
benign,segformer_mid,metaseg,0.8,0.5387096774193548
benign,segformer_mid,metaseg,0.9,0.557258064516129
benign,segformer_mid,metaseg,1.0,0.5653225806451613
benign,segformer_mid,metaseg,1.2,0.5951612903225807
benign,segformer_mid,metaseg,1.4,0.6161290322580645
benign,segformer_mid,metaseg,1.6,0.6217741935483871
benign,segformer_mid,metaseg,1.8,0.6217741935483871
benign,segformer_mid,metaseg,2.0,0.6217741935483871
benign,segformer_mid,standardized_max_logit,0.1,0.2064516129032258
benign,segformer_mid,standardized_max_logit,0.2,0.2951612903225806
benign,segformer_mid,standardized_max_logit,0.3,0.3524193548387097
benign,segformer_mid,standardized_max_logit,0.4,0.3895161290322581
benign,segformer_mid,standardized_max_logit,0.5,0.4209677419354838
benign,segformer_mid,standardized_max_logit,0.6,0.4387096774193548
benign,segformer_mid,standardized_max_logit,0.7,0.4612903225806452
benign,segformer_mid,standardized_max_logit,0.8,0.4879032258064516
benign,segformer_mid,standardized_max_logit,0.9,0.5145161290322581
benign,segformer_mid,standardized_max_logit,1.0,0.5306451612903226
benign,segformer_mid,standardized_max_logit,1.2,0.5709677419354838
benign,segformer_mid,standardized_max_logit,1.4,0.6056451612903225
benign,segformer_mid,standardized_max_logit,1.6,0.6217741935483871
benign,segformer_mid,standardized_max_logit,1.8,0.6217741935483871
benign,segformer_mid,standardized_max_logit,2.0,0.6217741935483871
benign,segformer_mid,random_removal,0.1,0.0402150537634408
benign,segformer_mid,random_removal,0.2,0.0836021505376344
benign,segformer_mid,random_removal,0.3,0.1228763440860215
benign,segformer_mid,random_removal,0.4,0.1668010752688172
benign,segformer_mid,random_removal,0.5,0.2088978494623656
benign,segformer_mid,random_removal,0.6,0.2484139784946236
benign,segformer_mid,random_removal,0.7,0.2903225806451612
benign,segformer_mid,random_removal,0.8,0.3306451612903226
benign,segformer_mid,random_removal,0.9,0.3707795698924731
benign,segformer_mid,random_removal,1.0,0.4144892473118279
benign,segformer_mid,random_removal,1.2,0.4920698924731183
benign,segformer_mid,random_removal,1.4,0.5728494623655913
benign,segformer_mid,random_removal,1.6,0.621774193548387
benign,segformer_mid,random_removal,1.8,0.621774193548387
benign,segformer_mid,random_removal,2.0,0.621774193548387
benign,segformer_late,mean_normalized_entropy,0.1,0.2548387096774193
benign,segformer_late,mean_normalized_entropy,0.2,0.3395161290322581
benign,segformer_late,mean_normalized_entropy,0.3,0.3887096774193548
benign,segformer_late,mean_normalized_entropy,0.4,0.4241935483870968
benign,segformer_late,mean_normalized_entropy,0.5,0.4564516129032258
benign,segformer_late,mean_normalized_entropy,0.6,0.4903225806451612
benign,segformer_late,mean_normalized_entropy,0.7,0.5161290322580645
benign,segformer_late,mean_normalized_entropy,0.8,0.535483870967742
benign,segformer_late,mean_normalized_entropy,0.9,0.5451612903225806
benign,segformer_late,mean_normalized_entropy,1.0,0.5685483870967742
benign,segformer_late,mean_normalized_entropy,1.2,0.592741935483871
benign,segformer_late,mean_normalized_entropy,1.4,0.6120967741935484
benign,segformer_late,mean_normalized_entropy,1.6,0.6137096774193549
benign,segformer_late,mean_normalized_entropy,1.8,0.6137096774193549
benign,segformer_late,mean_normalized_entropy,2.0,0.6137096774193549
benign,segformer_late,lguq,0.1,0.2427419354838709
benign,segformer_late,lguq,0.2,0.3169354838709677
benign,segformer_late,lguq,0.3,0.382258064516129
benign,segformer_late,lguq,0.4,0.4258064516129032
benign,segformer_late,lguq,0.5,0.4475806451612903
benign,segformer_late,lguq,0.6,0.4774193548387097
benign,segformer_late,lguq,0.7,0.5120967741935484
benign,segformer_late,lguq,0.8,0.532258064516129
benign,segformer_late,lguq,0.9,0.542741935483871
benign,segformer_late,lguq,1.0,0.5588709677419355
benign,segformer_late,lguq,1.2,0.5879032258064516
benign,segformer_late,lguq,1.4,0.6080645161290322
benign,segformer_late,lguq,1.6,0.6137096774193549
benign,segformer_late,lguq,1.8,0.6137096774193549
benign,segformer_late,lguq,2.0,0.6137096774193549
benign,segformer_late,metaseg,0.1,0.2556451612903225
benign,segformer_late,metaseg,0.2,0.3362903225806452
benign,segformer_late,metaseg,0.3,0.3879032258064516
benign,segformer_late,metaseg,0.4,0.4112903225806452
benign,segformer_late,metaseg,0.5,0.4475806451612903
benign,segformer_late,metaseg,0.6,0.4927419354838709
benign,segformer_late,metaseg,0.7,0.5177419354838709
benign,segformer_late,metaseg,0.8,0.5395161290322581
benign,segformer_late,metaseg,0.9,0.5548387096774193
benign,segformer_late,metaseg,1.0,0.575
benign,segformer_late,metaseg,1.2,0.5919354838709677
benign,segformer_late,metaseg,1.4,0.6072580645161291
benign,segformer_late,metaseg,1.6,0.6137096774193549
benign,segformer_late,metaseg,1.8,0.6137096774193549
benign,segformer_late,metaseg,2.0,0.6137096774193549
benign,segformer_late,standardized_max_logit,0.1,0.2032258064516129
benign,segformer_late,standardized_max_logit,0.2,0.3008064516129032
benign,segformer_late,standardized_max_logit,0.3,0.3717741935483871
benign,segformer_late,standardized_max_logit,0.4,0.3991935483870967
benign,segformer_late,standardized_max_logit,0.5,0.4314516129032258
benign,segformer_late,standardized_max_logit,0.6,0.4604838709677419
benign,segformer_late,standardized_max_logit,0.7,0.4830645161290323
benign,segformer_late,standardized_max_logit,0.8,0.5120967741935484
benign,segformer_late,standardized_max_logit,0.9,0.5362903225806451
benign,segformer_late,standardized_max_logit,1.0,0.5596774193548387
benign,segformer_late,standardized_max_logit,1.2,0.5838709677419355
benign,segformer_late,standardized_max_logit,1.4,0.6104838709677419
benign,segformer_late,standardized_max_logit,1.6,0.6137096774193549
benign,segformer_late,standardized_max_logit,1.8,0.6137096774193549
benign,segformer_late,standardized_max_logit,2.0,0.6137096774193549
benign,segformer_late,random_removal,0.1,0.0458602150537634
benign,segformer_late,random_removal,0.2,0.0921774193548386
benign,segformer_late,random_removal,0.3,0.1370430107526881
benign,segformer_late,random_removal,0.4,0.1856451612903225
benign,segformer_late,random_removal,0.5,0.2270161290322581
benign,segformer_late,random_removal,0.6,0.2687903225806452
benign,segformer_late,random_removal,0.7,0.3112903225806452
benign,segformer_late,random_removal,0.8,0.3536290322580646
benign,segformer_late,random_removal,0.9,0.3941397849462365
benign,segformer_late,random_removal,1.0,0.4332795698924731
benign,segformer_late,random_removal,1.2,0.5145430107526882
benign,segformer_late,random_removal,1.4,0.594489247311828
benign,segformer_late,random_removal,1.6,0.6137096774193548
benign,segformer_late,random_removal,1.8,0.6137096774193548
benign,segformer_late,random_removal,2.0,0.6137096774193548
